{"type":"FeatureCollection","features":[{"type":"Feature","properties":{"id":"0"},"geometry":{"type":"LineString","coordinates":[[-87.23181902236406,13.316130766993744],[-87.23181908797943,13.316130485374508],[-87.23181895838752,13.316131422487643],[-87.23181947085301,13.316131663352422],[-87.23181944556787,13.31613199483655],[-87.23181956112268,13.316132413594893],[-87.23181871962183,13.31613498234235],[-87.23181816862039,13.316136188649898],[-87.23181581739969,13.31614227916805],[-87.23181248482715,13.316149393998646],[-87.23180419421038,13.31616566643861],[-87.23180261711387,13.316168462291312],[-87.23179671281996,13.31617790040423],[-87.2317921228562,13.316184507082948],[-87.2317866030179,13.316191470670994],[-87.23178033702355,13.316198556597522],[-87.2317697561987,13.316208986149487],[-87.23175713273149,13.31621982567851],[-87.23174355232737,13.316230246488988],[-87.23172833849783,13.316240649432176],[-87.2317124186392,13.316250437930877],[-87.23168916891382,13.316262476808905],[-87.2316768095159,13.316267989652019],[-87.23165718618162,13.316275427824012],[-87.2316506867436,13.316277621715875],[-87.23162326440597,13.316285212049676],[-87.23160197914889,13.316289655474076],[-87.23158036049837,13.316292774752037],[-87.23156567474133,13.31629398712208],[-87.2315359286152,13.316294715271043],[-87.23152833576644,13.316294632923887],[-87.23152160067289,13.316294836870213],[-87.23149873225914,13.31629327317315],[-87.2314758176439,13.31629072765463],[-87.23142954013264,13.31628271318282],[-87.23137087066763,13.316269172045665],[-87.23133732066925,13.316259804519278],[-87.23129063424702,13.31624502446193],[-87.23123069469996,13.31622382911037],[-87.2312050783565,13.31621365500916],[-87.23119581052914,13.316208709691805],[-87.23119477022186,13.316207804680799],[-87.23111211512726,13.316161737778387],[-87.23110750787099,13.31615985968741],[-87.23109231132736,13.316151732545189],[-87.23108656586743,13.316148313281788],[-87.23108116586194,13.316145367568271],[-87.23106983721055,13.316139762696087],[-87.23106371805416,13.316137375241265],[-87.23101408636002,13.316111183120443],[-87.23100776838245,13.316107307879696],[-87.23083646658387,13.316013417477217],[-87.23079854667506,13.315991568839523],[-87.2307913361503,13.31598695928778],[-87.23025625337714,13.315689942423688],[-87.23005396681695,13.315577690886863],[-87.22977835306548,13.315433936071743],[-87.22957095011755,13.31533314904121],[-87.22956956097522,13.315333543880255],[-87.22956909050926,13.315334039760993],[-87.22955981092028,13.315334782175125],[-87.22954889639166,13.315333148832769],[-87.22954731849953,13.315338522333187],[-87.22952423186139,13.315401835610464],[-87.22952098508279,13.315410104458254],[-87.22950360601376,13.315457762995315],[-87.22948424380391,13.315509658352829],[-87.22938510535677,13.315778262399643],[-87.2293819614046,13.315786375932959],[-87.22937265519344,13.315811955036214],[-87.2293698188753,13.315820311272823],[-87.2293514546449,13.315870925891701],[-87.22931993286191,13.315954954539926],[-87.22931698611103,13.315963647955634],[-87.22929197535161,13.316031280146484],[-87.22928255870771,13.31605632512011],[-87.22922676933251,13.316208069895701],[-87.22912051727099,13.316495954458887],[-87.22911752685411,13.316504591126579],[-87.22897314648425,13.3168941859308],[-87.22896393690174,13.316919525509485],[-87.22894796894887,13.316961847335934],[-87.22891992579686,13.317038205622106],[-87.22891349956986,13.317055054624067],[-87.2289071908185,13.317072127074601],[-87.22890403616108,13.317081065747002],[-87.22889473783798,13.317106304179775],[-87.22885378278986,13.317216592620847],[-87.22885086364715,13.317224834475548],[-87.22884132727391,13.317250407351635],[-87.22883812556992,13.317258630238221],[-87.22874709294145,13.317505139035783],[-87.22874407350778,13.31751359287481],[-87.22870663793948,13.317615474584482],[-87.2286535764217,13.317759684999151],[-87.22865041697513,13.317767943424899],[-87.22861328030766,13.317869667761743],[-87.22860049490211,13.317903696978147],[-87.22854757142524,13.31804809686553],[-87.22854443338909,13.31805631297779],[-87.22853499195418,13.318081995389534],[-87.22853206351483,13.31809027320028],[-87.22835042505785,13.318581486740007],[-87.22832173508559,13.31865757014483],[-87.22827069910689,13.318796643743646],[-87.22826779574031,13.318804003372527],[-87.22826019757414,13.318824605455882],[-87.22825778185819,13.318831734757646],[-87.22823989823553,13.31888143205448],[-87.22823794030832,13.318887276110075],[-87.22819548737546,13.319004736687502],[-87.22819000912328,13.31902164999346],[-87.22818961218523,13.319023204545182],[-87.22818930595977,13.319024943775482],[-87.22818900339664,13.319028474346286],[-87.22818900170634,13.319030294034746],[-87.22818912368945,13.319032160830835],[-87.22818937920597,13.319033870670976],[-87.22818986572976,13.319035421679203],[-87.22819112049348,13.319038317964559],[-87.22819261809651,13.319040898462054],[-87.22819477435188,13.319043617989584],[-87.22819600714175,13.319044895731881],[-87.22819727261067,13.319046486343868],[-87.22820365629852,13.319051507475061],[-87.228212057074,13.319055197711544],[-87.22823365934977,13.319061227279478],[-87.22823662976481,13.319062468753073],[-87.2282535910488,13.319067215367689],[-87.22825854249179,13.319067529696463],[-87.22826394777947,13.319066821414518],[-87.22827038950086,13.319064431015061],[-87.22827433859779,13.319061388612683],[-87.22827549757801,13.319060228014132],[-87.22827659007322,13.3190588612676],[-87.22827855926909,13.31905569067411],[-87.22828118458185,13.319049987941398],[-87.22828343154983,13.319043731172956],[-87.22828789731416,13.319025177854535],[-87.22828880049613,13.319022458327005],[-87.22829070489728,13.319015926625106],[-87.2282981799535,13.31899421125927],[-87.22829947021343,13.318989956356573],[-87.22830399851877,13.318977098058554],[-87.22830553161802,13.31897232455507],[-87.22831412593249,13.318947627443135],[-87.22831807784658,13.31893698591336],[-87.22832033073058,13.318931314863654],[-87.22834770396159,13.318858591316594],[-87.22835031885087,13.31885201584212],[-87.22837205268809,13.318794614363709],[-87.22838368474775,13.318762886959409],[-87.22839618618342,13.318729191248334],[-87.22840875889328,13.318694451874016],[-87.22842795305945,13.318643035774084],[-87.2284775993324,13.318506918283145],[-87.22848089625644,13.318498492479408],[-87.22857188747265,13.318253648081887],[-87.22858413536377,13.318219774362342],[-87.22860916894223,13.318152289350262],[-87.22863719744498,13.318075997504604],[-87.22864030449237,13.318068006508444],[-87.22870797580944,13.31788110699458],[-87.22883332202792,13.317542244526202],[-87.22883942681679,13.317525130595943],[-87.22892634948842,13.317288401425317],[-87.22892967768297,13.317279680573584],[-87.22893893093148,13.317254400348425],[-87.22894191796777,13.317245768188267],[-87.22897920225451,13.31714417829576],[-87.22904546273713,13.316966745226484],[-87.2290484596335,13.316958116974591],[-87.22906091064199,13.316924156752101],[-87.22907681802589,13.316882344094495],[-87.22908621861195,13.316856608061347],[-87.2290890966241,13.316848247030599],[-87.22911411724358,13.316780483541567],[-87.22913241442552,13.316729598444654],[-87.22913875613767,13.316712671798483],[-87.2291422144851,13.31670402629811],[-87.2291516263398,13.316678682342166],[-87.22915467394508,13.316669928973663],[-87.22924506144356,13.316424737626377],[-87.22927344941614,13.316348081387064],[-87.22927631644136,13.316339818388645],[-87.22932609652946,13.3162044006922],[-87.22932941683597,13.316195867828043],[-87.2293637016909,13.31610328041363],[-87.2295592555169,13.315572250372718],[-87.2295955226675,13.315475242947674],[-87.229597394953,13.31547062530582],[-87.22960995456307,13.315436915941872],[-87.22962022846919,13.315410819670857],[-87.22962441941944,13.315400952498772],[-87.2296255059986,13.315398832603403],[-87.22963107454079,13.315385565240252],[-87.22963262524733,13.315382520701355],[-87.22963452894417,13.315379838849505],[-87.22963819280352,13.31537657133103],[-87.22964361316303,13.315373771501669],[-87.2296496080826,13.315372769682922],[-87.22965652294626,13.315373415536838],[-87.22966455904017,13.315375933033092],[-87.22967115500116,13.315379086847095],[-87.22968406506611,13.315385986603392],[-87.22970376674391,13.315394908183647],[-87.22970977222785,13.315399056312526],[-87.22971235753691,13.315401688190686],[-87.22971350567106,13.315403138574103],[-87.22971603449605,13.315407310308906],[-87.2297165544032,13.315408745319811],[-87.22971694866494,13.31541035427459],[-87.22971720530833,13.315411932119575],[-87.22971735926622,13.315413580469672],[-87.22971730376813,13.315416972323105],[-87.22971695655298,13.315420389502098],[-87.22971602900259,13.3154242248134],[-87.22971478776124,13.315428243187862],[-87.22971398008104,13.31543024833655],[-87.22970976250862,13.31543911332512],[-87.22970581284825,13.315446813598431],[-87.22970183008626,13.315455708498257],[-87.22970046249523,13.315459135838742],[-87.22969921590128,13.31546254937002],[-87.2296933274704,13.31547737279609],[-87.22969002815177,13.315485258581742],[-87.2296801625932,13.315511819675812],[-87.22967816452143,13.315516496671192],[-87.22964402446858,13.315610302236621],[-87.22964172693257,13.315617110070512],[-87.22951515764348,13.315962938410017],[-87.22950289721592,13.31599692053182],[-87.22946521359657,13.316098619611498],[-87.2294495752516,13.316141134711451],[-87.22937124013325,13.316352431716577],[-87.22936483024579,13.316369385512168],[-87.22934329191958,13.316428920851482],[-87.22934037277686,13.316437284175079],[-87.2293309459912,13.316462884356914],[-87.22932778964349,13.316470983846528],[-87.2292530340105,13.316674471316267],[-87.22922474576544,13.316750583433816],[-87.22922180605747,13.316758923203599],[-87.22919712715965,13.31682667132012],[-87.22919066909873,13.316843578320743],[-87.22913150420068,13.317005389896114],[-87.22912855744978,13.31701372580974],[-87.22900002333141,13.317360607726455],[-87.22899683374122,13.317368854792178],[-87.22882844721174,13.317825648601602],[-87.22882511732689,13.317834294831517],[-87.22880003191268,13.317902228512489],[-87.22879686063403,13.31791037479707],[-87.22875921772265,13.318011718729394],[-87.22861578617277,13.318401591463408],[-87.22860313711783,13.318435426204516],[-87.22860000866004,13.318444089005478],[-87.22859715741092,13.318452283856772],[-87.2285848227512,13.31848633391726],[-87.22853470037798,13.318621816705868],[-87.22852236205594,13.318655932425218],[-87.22850975694871,13.318689510992543],[-87.22843278449135,13.318899045930074],[-87.22837376185994,13.319060450837382],[-87.22837013307428,13.319071477982696],[-87.22836944512345,13.319074047015945],[-87.22836476863542,13.319088445900151],[-87.22836439057235,13.319090258084742],[-87.22836406772566,13.319093766143938],[-87.22836409251667,13.319095400111616],[-87.22836426661725,13.319097097028427],[-87.22836518163129,13.31910039393706],[-87.2283664417476,13.319103616640758],[-87.22836716575812,13.31910517390221],[-87.22837008292878,13.31910936981615],[-87.22837360438061,13.319113048171506],[-87.22837679256223,13.319115304126626],[-87.22838679264026,13.319119977786952],[-87.22843212865615,13.319132883817923],[-87.22843750915284,13.319132844005724],[-87.22844677648716,13.31912971989454],[-87.22845049316828,13.319126680618774],[-87.22845470961384,13.319120901805158],[-87.2284555953294,13.319119207389639],[-87.22845719096964,13.319115368326402],[-87.22845853560081,13.319111151151498],[-87.22846049775377,13.31910375275262],[-87.22846291628687,13.319092646608231],[-87.22846552469667,13.31908336452956],[-87.22846660817696,13.319079942347985],[-87.2285009243024,13.318983881556978],[-87.22853163333428,13.318899876358346],[-87.22853428146605,13.318893042208801],[-87.2285692711748,13.31879847698076],[-87.22857265993831,13.31878980000582],[-87.22867674672955,13.318508360485257],[-87.22868901490425,13.318474598906882],[-87.2287140817252,13.318406725569531],[-87.22871739273506,13.31839814072544],[-87.22887609189144,13.317966160025271],[-87.2288825102304,13.31794929611979],[-87.22895454786601,13.31775510576252],[-87.22895747348821,13.317746834934544],[-87.22900741697167,13.31761141092625],[-87.22911302503009,13.317323085771255],[-87.22913816002632,13.317255511338058],[-87.22945614402697,13.31639196317167],[-87.22949685468632,13.316281884187578],[-87.2294997883374,13.316273545837799],[-87.22956182181012,13.316103910233888],[-87.22969672609399,13.31574032345856],[-87.22969992019163,13.315732079154678],[-87.22975252885071,13.315590256586066],[-87.22975484793801,13.315584618939004],[-87.22980496326832,13.31545202467133],[-87.22980568305307,13.315450403210102],[-87.22980829751978,13.315446120636885],[-87.22981135343568,13.315442734776127],[-87.22981665674212,13.315439578043954],[-87.22982257799292,13.315438169400814],[-87.22982948060192,13.315438403062986],[-87.22983911289951,13.315441107218005],[-87.22986608257216,13.315454538676201],[-87.22987848850607,13.315459756731869],[-87.22988501826376,13.315463743683875],[-87.22988754680702,13.315466150341717],[-87.22989051525006,13.315470190237695],[-87.22989114094162,13.315471656983718],[-87.22989161619675,13.315473107784015],[-87.22989199102008,13.315474670829701],[-87.22989242880698,13.315477824852145],[-87.22989249247483,13.315479425677731],[-87.2298920094725,13.315484854988183],[-87.22989165521443,13.315486681555189],[-87.22988991125062,13.315492622900543],[-87.22988827560668,13.315496841534534],[-87.22987970622411,13.315513596998672],[-87.22987559316839,13.315522946820614],[-87.22987432558661,13.315526252483764],[-87.22986983714411,13.315537196930178],[-87.22986816177819,13.315540798683527],[-87.22986340345163,13.315552937548016],[-87.22986167315105,13.31555683330716],[-87.22973399671748,13.315906737824374],[-87.22964070810612,13.316160721350869],[-87.22963735089482,13.316169274213946],[-87.22955373951477,13.316397250169143],[-87.22936425244596,13.316914552319684],[-87.2292295329679,13.317278189700536],[-87.2292234453637,13.317295162620573],[-87.22895159519909,13.318032516955572],[-87.22891103849761,13.31814219289326],[-87.22889874215129,13.318176188133808],[-87.22885814347408,13.318286119203075],[-87.22884593333289,13.31831990579435],[-87.22884309476102,13.318328145877306],[-87.2287929723878,13.31846349213717],[-87.22876832560564,13.318530901068346],[-87.2287524539997,13.318573511376908],[-87.22874933061279,13.318581599923377],[-87.2287121136562,13.31868345411886],[-87.2287056716531,13.318700447882978],[-87.22869950150607,13.318717418093284],[-87.22869648855189,13.318726052963173],[-87.22866225130699,13.318818994645577],[-87.22859916914591,13.31898816334854],[-87.22859700415734,13.318994701095223],[-87.22859057990235,13.319012579899113],[-87.22858859887441,13.319018560275012],[-87.2285664847204,13.319078970596829],[-87.2285648290746,13.319083177558133],[-87.22854894986234,13.319126908861485],[-87.22853978507268,13.31915493268909],[-87.22853908331777,13.319158420946406],[-87.2285388692135,13.319160082428276],[-87.22853878469866,13.319161654697469],[-87.22853884554934,13.31916328699762],[-87.2285390210585,13.319164872607027],[-87.22853937094996,13.319166504907178],[-87.2285403541393,13.319169626308632],[-87.2285409265865,13.31917102703102],[-87.2285417097574,13.319172511755065],[-87.22854356401307,13.319175223153401],[-87.22854704799664,13.319178738508027],[-87.22855000094528,13.319181116609474],[-87.22855986072867,13.319186152539967],[-87.22860682478216,13.319200062213541],[-87.22861032116126,13.319200299627648],[-87.22861899520139,13.319198534759126],[-87.22862469431901,13.319195657025006],[-87.22862812336794,13.319191916762723],[-87.22863012636974,13.319188946063992],[-87.22863104138376,13.319187319808623],[-87.22863372360321,13.319181479504962],[-87.22863520514841,13.319177203758183],[-87.22863650921244,13.319172639946176],[-87.22863966386986,13.319159109634915],[-87.22864146459946,13.319152819932821],[-87.22864742430453,13.319135055354506],[-87.22864855314111,13.319131167932998],[-87.22865261267079,13.319118608747571],[-87.22865378855396,13.31911417750393],[-87.2286585768833,13.319100206548752],[-87.22867045713488,13.319063800481546],[-87.22867440876725,13.319052722476668],[-87.22867660897035,13.319047012656968],[-87.22868301096976,13.319029466316204],[-87.2286854596465,13.319023259990443],[-87.22873915277187,13.318877773917885],[-87.22874232658597,13.31886972893555],[-87.22876819545276,13.31879970511414],[-87.22880606542738,13.318697637058364],[-87.22880949025057,13.318688933194558],[-87.22887519152664,13.318511851243866],[-87.22887852479208,13.318503253476443],[-87.22894074292972,13.31833378399336],[-87.22894362347732,13.318325471998318],[-87.22896828040125,13.318257944672748],[-87.22897479311511,13.318240970502067],[-87.22898105397475,13.31822408721159],[-87.22899360809136,13.318190312293],[-87.22900591119887,13.318156277865574],[-87.22900924925348,13.318147577336822],[-87.229018502502,13.318122462926345],[-87.22904614702566,13.318046395154582],[-87.22904921125219,13.318038262210214],[-87.22911112851699,13.317869222949009],[-87.22911448798203,13.317860655301287],[-87.22916445146734,13.31772516823964],[-87.22916765486164,13.317716844780353],[-87.22919288874026,13.317648791037463],[-87.22931129657175,13.317327078663826],[-87.22933008337637,13.317276581371079],[-87.22936078846422,13.31719163412411],[-87.22939225193197,13.317106904802031],[-87.22940435192216,13.31707239033537],[-87.2294071600687,13.31706336161653],[-87.22941920963167,13.31702902567944],[-87.22945666717385,13.316928037347173],[-87.22945992324907,13.316919911646124],[-87.22946958639457,13.316894441166596],[-87.22948251012275,13.316861282294886],[-87.22948582986581,13.316853543668461],[-87.2295109438742,13.316786499352407],[-87.22954829478682,13.316685459639475],[-87.22960408669746,13.316533030611257],[-87.22961670067875,13.316499163822371],[-87.2296197567355,13.316490316290723],[-87.22974765079478,13.316143946592112],[-87.22976004320633,13.31611003122104],[-87.22976337999322,13.316101475413735],[-87.22978855104911,13.316033502425382],[-87.22979167612631,13.316025333792037],[-87.22984149480953,13.315889259148715],[-87.2298665497984,13.315821549202921],[-87.22986962318068,13.31581268705436],[-87.22990426651943,13.315718217709101],[-87.22992596880442,13.315660062013595],[-87.22994196816865,13.315615903093878],[-87.22994390299512,13.315611117083943],[-87.22994906009089,13.315597213976254],[-87.22995058347094,13.315592675385586],[-87.2299568674313,13.315576114761516],[-87.2299584353225,13.315572423482829],[-87.22998060300257,13.315517734392849],[-87.22998304590413,13.315513027694651],[-87.22998476479519,13.315510548447289],[-87.22998698500014,13.315508420162178],[-87.22999085704771,13.31550614487417],[-87.2299968280214,13.315504409291586],[-87.23000340567084,13.315504270938986],[-87.23001337461923,13.315506256911117],[-87.23001980126881,13.315508807028362],[-87.23005722218788,13.315526637161318],[-87.23006000596597,13.315528794940807],[-87.23006216715139,13.315531215564183],[-87.23006391435491,13.315534001219568],[-87.23006523320905,13.315536847791785],[-87.23006619822772,13.315539903742817],[-87.23006645416683,13.315541598314669],[-87.23006657164247,13.315543271573443],[-87.23006650107257,13.315545124299776],[-87.23006568423659,13.31555074224918],[-87.23006482401635,13.315554638425203],[-87.23006362503246,13.315558484835979],[-87.2300610191581,13.315565021696788],[-87.23005409260323,13.315580087122663],[-87.23005288023779,13.315582987576835],[-87.23004785005514,13.315596186831947],[-87.2300463087861,13.315599775349304],[-87.23004018906627,13.31561542498272],[-87.23003851919383,13.315619205682523],[-87.23002646061592,13.31565197221648],[-87.23002474651403,13.3156570603614],[-87.22994083524715,13.315889082573277],[-87.22993761945735,13.315897550456004],[-87.22991202160148,13.315967060679206],[-87.22990896554472,13.3159759510715],[-87.22959390519424,13.316831461029878],[-87.22959085364496,13.316840061923914],[-87.22956905318189,13.3168992591722],[-87.22952555395524,13.317018225630413],[-87.22947551792804,13.317153529055686],[-87.22946308790738,13.317187386621065],[-87.22946007030488,13.317195989807947],[-87.22935652750753,13.317475374623013],[-87.22932828771764,13.317552043850796],[-87.22932540209918,13.31756032343329],[-87.22894478048552,13.318591909198467],[-87.22893229200879,13.318625987190027],[-87.22881335595952,13.318948538954892],[-87.22876278312218,13.31908669082835],[-87.22875623660238,13.319107580560052],[-87.22875533933646,13.319112541660285],[-87.22875545061434,13.319113394183287],[-87.2287554153998,13.319115171766699],[-87.22875601489177,13.319116304017296],[-87.22875709161087,13.319117756849892],[-87.2287568634208,13.319118118286294],[-87.22875663410386,13.319118678366808],[-87.22876796021978,13.31910798347618],[-87.22879050342749,13.319081210710445],[-87.22891917953079,13.318907645781904],[-87.22898740836412,13.31882198035205],[-87.22903316244678,13.318769509958392],[-87.22913630098148,13.318658057062613],[-87.22927001501462,13.318521190852207],[-87.2313036996784,13.316515715796148],[-87.23137752762014,13.316447992327756],[-87.23142492097385,13.316407850479743],[-87.2314847246985,13.316360595041196],[-87.23154204907456,13.316318235708426],[-87.2316247453173,13.31626153138643],[-87.2317085547174,13.316225990706933],[-87.2317947198521,13.316205550588617],[-87.23182100412339,13.316183881646463],[-87.23182258648254,13.316178623221667],[-87.2318250074372,13.316164805558435],[-87.23182479763075,13.316162190681231],[-87.23182538506778,13.316158811759273],[-87.2318254873544,13.316156206672273],[-87.23182533279294,13.316155737612007],[-87.23182550376767,13.316153483142028],[-87.23182612042011,13.316144831690506],[-87.23182657395338,13.316141721373057],[-87.23182655085046,13.316141388469436],[-87.23182634215053,13.31614105830893],[-87.23182651521557,13.316140162575982],[-87.23182518443637,13.316138788617884],[-87.23182527426971,13.316137665998719],[-87.23182541181045,13.31613737426664],[-87.23182384445792,13.316139257736774],[-87.23182383197879,13.316139264432529],[-87.23182262815946,13.31613875055667]]}},{"type":"Feature","properties":{"id":"1"},"geometry":{"type":"LineString","coordinates":[[-87.23182795333658,13.316137440981871],[-87.231747134651,13.316203563120721],[-87.23159822181785,13.316233325527248],[-87.23140632667122,13.316237776253592],[-87.2312008207257,13.316192962536542],[-87.23081175121264,13.315987312193544],[-87.22995193851911,13.315462384378481],[-87.22973567855252,13.31535590842444],[-87.22952058855313,13.315286619252742],[-87.22947480657974,13.31533381614547],[-87.2267365808106,13.314359169432718],[-87.22670514128818,13.314380618828054],[-87.22670385497221,13.314440707421445],[-87.22942255245951,13.315409242388464],[-87.22943182007572,13.315438902216046],[-87.22940873681777,13.315480773341307],[-87.22937707952876,13.315483630075015],[-87.22666664759333,13.314516434913552],[-87.22663378822149,13.31453973244952],[-87.22662210432587,13.314580662724977],[-87.22663798522872,13.314600469398119],[-87.22935715994316,13.3155674487191],[-87.22936519758666,13.315597755807575],[-87.22933984792229,13.315640883205727],[-87.22931208873965,13.31564159289465],[-87.22661392948659,13.314679242731875],[-87.22657765458817,13.31467797051326],[-87.22655584243346,13.314730496039518],[-87.22656907126049,13.31475825108267],[-87.22923419732282,13.315704017015449],[-87.22929499645734,13.315727745476782],[-87.22930088094431,13.315754164414205],[-87.22927733482669,13.315797676542022],[-87.22924631985052,13.315800375407855],[-87.22655077548677,13.314838249318976],[-87.22759940328906,13.31510745742732],[-87.22812528310942,13.315283300770481],[-87.22866370155224,13.315498389301307],[-87.22973888941236,13.315980619927066],[-87.23006037289669,13.316086519617116],[-87.23051719549615,13.31619555839352],[-87.2313705322397,13.316317111472179],[-87.23163869201561,13.316296238715378],[-87.23178988851909,13.316223369898085],[-87.23182926407628,13.31614291706291]]}},{"type":"Feature","properties":{"id":"2"},"geometry":{"type":"LineString","coordinates":[[-87.2318107630695,13.316133681981585],[-87.23181077020264,13.316133738488592],[-87.23181115512482,13.316134368292158],[-87.23181368032868,13.316134484800811],[-87.23181357069929,13.31613530410437],[-87.23181062569326,13.316141998067685],[-87.23180903665026,13.316144959678072],[-87.23180801638115,13.31614640360308],[-87.23179296040439,13.316169876766732],[-87.2317820673591,13.31618415176869],[-87.23176495354389,13.316204042339267],[-87.23173960777184,13.31622985630323],[-87.23170570062872,13.316261319450152],[-87.23166112220156,13.31630005651118],[-87.23152115500692,13.31641701517611],[-87.23152113919559,13.316416716506454],[-87.23152089019375,13.316416709445521],[-87.23152102196646,13.316416368462376],[-87.23151661050302,13.31641974460458],[-87.23149187772768,13.316440790901403],[-87.23115318111992,13.31671817950468],[-87.23101300663501,13.316830760430127],[-87.23089230077771,13.316929337101973],[-87.23085634661471,13.31695785790463],[-87.23084907890178,13.316963947711967],[-87.23078394958165,13.317014674758619],[-87.23073192435811,13.317052868414399],[-87.2306404806378,13.31711534063292],[-87.23051071556421,13.317203439505263],[-87.2303922239253,13.317290415715286],[-87.23032016262746,13.317347118812691],[-87.23029190227305,13.317370685549994],[-87.23025017321093,13.317406680259221],[-87.23019653037333,13.3174567647349],[-87.23013876771894,13.317515089293535],[-87.23004964217029,13.317612859820464],[-87.22996750529475,13.317707611915711],[-87.229872822191,13.317824414966532],[-87.22987021476727,13.317828429224289],[-87.22986993530488,13.31782974333951],[-87.22987040732026,13.317830684241425],[-87.22987026618047,13.317830771682354],[-87.22986986628442,13.31783044984971],[-87.22986828853318,13.317830619103665],[-87.22986778637417,13.31783033729166],[-87.2298264908732,13.317824493236065],[-87.22982616830822,13.317825382444653],[-87.2298246216866,13.317829174712923],[-87.22981859859559,13.31784514774229],[-87.22979175358306,13.31791790099217],[-87.22979008356978,13.317922774964135],[-87.22977688530956,13.317958472332514],[-87.22977493541131,13.317964130042006],[-87.22969807296617,13.31817318473186],[-87.22969489999731,13.318182174368046],[-87.22965661956329,13.318285409692477],[-87.22965368140483,13.318293933463403],[-87.2296349333367,13.318344895787645],[-87.22961572071864,13.318395876037798],[-87.2296126719866,13.318404532377095],[-87.22959045035847,13.318463264333333],[-87.2295495085521,13.318573714003389],[-87.22954658307087,13.318581959922687],[-87.22948425281184,13.318750780946342],[-87.22948125225327,13.318759441246014],[-87.2293663368599,13.319070475404288],[-87.22936329826963,13.319079211367981],[-87.22930400660088,13.319241677239123],[-87.22930173934941,13.319248471159588],[-87.22929507845302,13.319266850638355],[-87.22927859524178,13.319310588611815],[-87.22925245198417,13.319380241200104],[-87.22923690970482,13.319418229333223],[-87.22923614118318,13.319419652984102],[-87.2292341618456,13.319422535303922],[-87.22923178218939,13.319425128724749],[-87.22922914222745,13.319427241481018],[-87.22922769392478,13.31942810171633],[-87.22922186352758,13.319429952254033],[-87.22921535363106,13.319430013535637],[-87.22920555667064,13.31942738217858],[-87.22918743753378,13.319418613698115],[-87.22916124187697,13.319407544447753],[-87.22915826751796,13.319405537162545],[-87.22915472409238,13.319401590126958],[-87.22915176607293,13.319397004428662],[-87.22915097980318,13.319395396307646],[-87.22915001379855,13.319392497521001],[-87.22914978448162,13.31939085292284],[-87.22914968616269,13.319389243968061],[-87.22914983913455,13.319385784267139],[-87.22915004873134,13.319384095062638],[-87.2291503901713,13.319382281210522],[-87.22915151788102,13.319378372319607],[-87.22915601068999,13.319367835427128],[-87.22916354856869,13.319352738474578],[-87.22916485629501,13.319349752976546],[-87.2291717112938,13.319331863333733],[-87.22917328805903,13.319328114525376],[-87.22917969991833,13.319311951814854],[-87.22918344617953,13.319303124345634],[-87.22918718765156,13.319293489585075],[-87.22919444381414,13.319273042998582],[-87.22919623496533,13.319267483881601],[-87.22921070925881,13.319227591224605],[-87.22921310412771,13.319221402824756],[-87.2292198720762,13.319202557480729],[-87.22923461287313,13.319160546022678],[-87.22924280151612,13.319138302259333],[-87.22924564966628,13.319131198595793],[-87.22928239869137,13.319032156892451],[-87.2292857998503,13.319023770067151],[-87.22929537312811,13.318997726844328],[-87.22932005934986,13.318928545957641],[-87.22933537710146,13.318885355766687],[-87.22934764358554,13.318851645047873],[-87.22936950954704,13.318793433985272],[-87.22940036535222,13.318708424101834],[-87.22940357607105,13.318699907001013],[-87.2294126228214,13.318674393217902],[-87.22941566197511,13.3186652289083],[-87.22944030143198,13.318597523782701],[-87.2294434648225,13.318589529868367],[-87.22950047515394,13.318437120016707],[-87.22950667459929,13.318419929692883],[-87.22950976234902,13.31841092817557],[-87.22951902066819,13.318385511525888],[-87.22952238210516,13.318376891663737],[-87.22953169183752,13.318351590281834],[-87.22953497988742,13.318343037954513],[-87.22958460897433,13.318207709412121],[-87.22960042973008,13.318165606240104],[-87.22962516130816,13.318097654945882],[-87.2296282432827,13.318088820389676],[-87.22964997204845,13.31802964528823],[-87.22965327150786,13.318020995202158],[-87.22965659308198,13.31801293750493],[-87.22966617495213,13.317987516269548],[-87.2296693653874,13.317979462324256],[-87.2296914768645,13.31792017716605],[-87.22969434360793,13.317911856833375],[-87.22970662262838,13.317878028970814],[-87.22971001561757,13.317869334069965],[-87.22973176030027,13.317810827959365],[-87.22974405692798,13.317776957053773],[-87.22987774799768,13.31741249013052],[-87.22988088223056,13.31740441138077],[-87.22990295032339,13.317344977291588],[-87.22990585636622,13.317336483536142],[-87.22991827272331,13.317302481938146],[-87.22992162401847,13.317293786516196],[-87.23003714003065,13.316980244762606],[-87.23004051555343,13.316971654134282],[-87.2301433774401,13.316692359000884],[-87.23014686283217,13.316683608185782],[-87.23016871541215,13.31662482589108],[-87.23019664010178,13.316548044939013],[-87.23019974954364,13.316539936538554],[-87.2302216277598,13.31648083538149],[-87.23023696171006,13.31643875459081],[-87.23040810229203,13.315973480418261],[-87.2304305535188,13.315913681753038],[-87.23043829958573,13.315893462510353],[-87.23044300987956,13.315880598792871],[-87.23045166983366,13.315856144175791],[-87.23047616054441,13.315789553374877],[-87.23048219096006,13.315772620527591],[-87.23048370602946,13.315768757128888],[-87.23049246514762,13.31574473153515],[-87.2304933531169,13.315741690617912],[-87.23050327022925,13.315712063489485],[-87.23050357307409,13.315710518942923],[-87.23050373421574,13.31570891006631],[-87.23050370604413,13.315706004375063],[-87.23050350165906,13.315704547295484],[-87.23050314345699,13.31570304128442],[-87.23050266918787,13.315701621619972],[-87.23050202828364,13.315700145963104],[-87.23050057603696,13.315697587534283],[-87.2304979381879,13.315693923717674],[-87.23049405909752,13.315690595230254],[-87.23048933612648,13.31568777700599],[-87.23044309580298,13.315672584014326],[-87.23043542255967,13.315671000958321],[-87.23043367282074,13.315670939103503],[-87.23042862855243,13.315671669271737],[-87.23042341398671,13.315673316214857],[-87.23041791643713,13.315676891704664],[-87.23041669801484,13.315677994460883],[-87.23041437596954,13.315680672821347],[-87.23041247663936,13.315683869417832],[-87.2304107780319,13.31568744839902],[-87.23040995527991,13.3156894407286],[-87.23040857923743,13.315693755974916],[-87.23040536189829,13.315706163206976],[-87.2304044384328,13.315708929581582],[-87.23040271602032,13.31571486313646],[-87.23040172945039,13.315717910332978],[-87.2304004290487,13.315721092260437],[-87.23038999160663,13.315751456383534],[-87.23038897432967,13.31575589077984],[-87.23037933935603,13.315784360618716],[-87.23031485509541,13.315959034608813],[-87.23031211554684,13.315966926387137],[-87.23029972693878,13.315999728473283],[-87.23029302350328,13.316016743342036],[-87.23028962797866,13.316025666426974],[-87.23028631485603,13.316034077320676],[-87.23027306292889,13.31606922190397],[-87.23026986545072,13.316078131752914],[-87.23025399666237,13.316120375085106],[-87.23024793117305,13.316137376466271],[-87.23024503710316,13.316146559583586],[-87.23023004078969,13.316189043529779],[-87.23022062668151,13.316214631237733],[-87.23021749427976,13.31622285117358],[-87.23018335789016,13.316316142671809],[-87.23015525346563,13.316391465567232],[-87.23015222234085,13.316400059739049],[-87.23014284795462,13.316424965083373],[-87.23013930255703,13.31643331722933],[-87.230114229539,13.316500424963506],[-87.23011129842344,13.316508703555904],[-87.22993052695274,13.316999984161468],[-87.22978313870354,13.31739812824456],[-87.22976766192319,13.317440252156441],[-87.22976128274297,13.317457062701068],[-87.22970591636603,13.317609708507751],[-87.22968991305824,13.317652188853453],[-87.22968674487855,13.317660274585972],[-87.22967733584125,13.317685972213896],[-87.22967442669955,13.31769426221843],[-87.22926472241228,13.318804006104251],[-87.2290996843653,13.319253877489437],[-87.22908022876709,13.319304849193516],[-87.22906424137625,13.31934477332508],[-87.22906159380797,13.319352314089045],[-87.22906016381685,13.319355469257912],[-87.22905848394353,13.319358228806081],[-87.22905633416767,13.319360631086665],[-87.22905386746118,13.319362623155694],[-87.22904968031422,13.319364745917122],[-87.22904668031904,13.31936545732568],[-87.22904040959953,13.31936523137582],[-87.22902698272667,13.319361017535968],[-87.2290025370905,13.319349114313837],[-87.22898814984731,13.319343449517358],[-87.22898466135636,13.319341473498275],[-87.2289795053876,13.31933645445149],[-87.22897723024808,13.31933363716521],[-87.22897639298772,13.319332156818424],[-87.22897573461711,13.319330718576685],[-87.22897468691478,13.319327730368924],[-87.22897445083667,13.319326061800068],[-87.22897436294123,13.319324415951261],[-87.22897443196169,13.319322624610754],[-87.2289746139503,13.319320899554432],[-87.22897607211303,13.3193132216364],[-87.22897736434496,13.319309094716374],[-87.22897816554566,13.31930691776033],[-87.22897906055782,13.31930478499374],[-87.22898794672997,13.319287251159427],[-87.22898925361113,13.3192843167294],[-87.22899462030358,13.31927075681954],[-87.22899629989519,13.31926698195608],[-87.22900230721012,13.319251227372705],[-87.2290039667999,13.319247357251784],[-87.22900894444233,13.319234018289206],[-87.22901072009914,13.319229631651906],[-87.22901799598186,13.319210151188665],[-87.22902201297227,13.319199879641365],[-87.22903454793185,13.319165678044394],[-87.22906396163211,13.319084152874776],[-87.2290668295024,13.31907657876028],[-87.22909000037306,13.319012579921106],[-87.2290931116461,13.319004341088796],[-87.22910584437038,13.31896938389381],[-87.22915661976027,13.318831212010034],[-87.22918434034655,13.318755026886082],[-87.22918743499832,13.31874690811569],[-87.22922137080606,13.318654011248066],[-87.22922448123394,13.318646023378516],[-87.22924930211602,13.318578790996723],[-87.22926196046726,13.318545009408027],[-87.22926519794912,13.318536638841111],[-87.22930265858916,13.318435175889071],[-87.22930557068888,13.318426747167162],[-87.22938022264833,13.31822249474563],[-87.22938357168981,13.318213820480421],[-87.22939605960279,13.318180034097587],[-87.229619466839,13.317570765402962],[-87.22962261374913,13.317562582953897],[-87.22965976436056,13.317461147203385],[-87.22966309241414,13.317452634792483],[-87.22974170445737,13.317240232230212],[-87.22975085487926,13.317214731474653],[-87.22983214815582,13.316994666940076],[-87.22983533197075,13.316986464168028],[-87.22989725036078,13.316817514015279],[-87.22990943585147,13.316783638159215],[-87.23000993244945,13.316512631936037],[-87.23001598117666,13.316495594295123],[-87.23001879960577,13.316486680844061],[-87.23005890119376,13.316375177271107],[-87.23013775030111,13.31616440196407],[-87.23014087904053,13.316156344439458],[-87.23029872177561,13.315730426501428],[-87.23030043700432,13.315726280587231],[-87.2303247788281,13.315660119565258],[-87.23032535000758,13.315657849957264],[-87.2303286839772,13.315647905193076],[-87.23032906189941,13.315646201866711],[-87.23032931093648,13.315644383793668],[-87.23032942052404,13.315642688283834],[-87.23032910317082,13.31563921086544],[-87.23032880920005,13.31563753150977],[-87.23032838859784,13.315635947984772],[-87.23032709749278,13.315632855712925],[-87.23032628403742,13.315631304235705],[-87.23032451936753,13.31562867360819],[-87.23031803961464,13.315622526583846],[-87.23031277053686,13.315619460471323],[-87.23030191742262,13.315615483055485],[-87.2302615270756,13.315604249814298],[-87.23025621771241,13.31560424528071],[-87.23024936496734,13.315605968356843],[-87.2302449372348,13.31560806548005],[-87.23024020200909,13.31561270943756],[-87.23023828042331,13.315615753611684],[-87.2302364996956,13.315619293197555],[-87.23023419835646,13.31562522948822],[-87.23023315966905,13.315627084820061],[-87.23023170742238,13.315631677032133],[-87.23022708699598,13.315648118323827],[-87.2302170611412,13.315677200561865],[-87.23021575595033,13.315681421592926],[-87.23020951424758,13.315699106859503],[-87.23020800593937,13.315703813661923],[-87.23014384987806,13.315879326834807],[-87.23012869185953,13.315919452463516],[-87.23012554692144,13.315927430614511],[-87.2300740675229,13.31606595701706],[-87.2300373182161,13.31616761725509],[-87.23003435935152,13.316176206258227],[-87.22994428723665,13.316421310646604],[-87.2298781956446,13.316599167085261],[-87.22986249630853,13.316641191414535],[-87.22985945518282,13.316649823731025],[-87.22980953395626,13.316785371917943],[-87.22980654283516,13.316793791312122],[-87.22977259322333,13.31688732533126],[-87.22976972521221,13.316895600744937],[-87.22971968467886,13.317031033507744],[-87.2296912726203,13.317107123061575],[-87.22961325288527,13.31731865475805],[-87.22961020330808,13.317327371545188],[-87.22956050224269,13.317462967308726],[-87.22947950364119,13.317683043099109],[-87.22926699417121,13.318258511862245],[-87.22918860806433,13.318469832095497],[-87.22918527789787,13.318478441118723],[-87.22913543019921,13.318614368511625],[-87.22913257416101,13.318622699266342],[-87.22906723122962,13.31880076234803],[-87.22906411432226,13.318808873822992],[-87.22905467993051,13.318834430336473],[-87.22894448638134,13.31913400525159],[-87.22893562471849,13.319156895598395],[-87.22893387497955,13.319162207087665],[-87.22891258822644,13.319220458170907],[-87.22889520718584,13.319264702655586],[-87.22889407017952,13.31926714495681],[-87.2288903864593,13.3192767073884],[-87.22888909422738,13.319280881207613],[-87.22888623227313,13.319287662413187],[-87.22888542459296,13.319289220091521],[-87.22888360696044,13.319291908352927],[-87.22888132365114,13.319294229966909],[-87.22887740864195,13.319296777530752],[-87.22887014853535,13.319298934268037],[-87.22886715924543,13.319299214412515],[-87.22886165563894,13.319298532185673],[-87.22885970729013,13.319298004413488],[-87.22885790233482,13.319297154600218],[-87.22881179695337,13.31927499046127],[-87.22880750726173,13.319271790477623],[-87.2288050659097,13.319269295232429],[-87.228804139627,13.31926800727653],[-87.22880258680766,13.319265161433856],[-87.2288019484389,13.31926354309924],[-87.22880149684792,13.319262071715409],[-87.2288011824527,13.31926049548584],[-87.22880099652006,13.31925893864127],[-87.22880090918805,13.319257248186124],[-87.22880131598616,13.319252300009223],[-87.22880193547995,13.319248830511581],[-87.2288030412158,13.319244840537182],[-87.22880457375157,13.319240614399323],[-87.22880759656574,13.31923379129714],[-87.22881506824116,13.319217969804258],[-87.22881896606565,13.319208148072274],[-87.22882061720394,13.319204521410244],[-87.22882506240288,13.319193089472835],[-87.22882687327422,13.319189051973927],[-87.22883169540935,13.319176256416597],[-87.22883362826379,13.319171715116198],[-87.22884833497307,13.319131186297783],[-87.22885032135356,13.319126190387932],[-87.2288772573604,13.319051933133231],[-87.22887993676258,13.319044923684947],[-87.22888770987427,13.319023504721972],[-87.22889063690495,13.319015911014036],[-87.22889887146766,13.318993179707586],[-87.228926036228,13.318917022723147],[-87.22892927483673,13.318908561692911],[-87.2289391022225,13.318881863757435],[-87.22894230956074,13.31887345066859],[-87.22895502848094,13.318839105247445],[-87.22896148428796,13.318822151295524],[-87.22897997021923,13.318770610131093],[-87.22899204288262,13.318736409784766],[-87.22900447388893,13.318702634449295],[-87.22900779194161,13.318694313908178],[-87.22906978076068,13.318525137492905],[-87.22907295288438,13.318516830917325],[-87.2290976960128,13.318449438661414],[-87.22910100110654,13.318441081434711],[-87.2291225523911,13.318382082465767],[-87.22915079218025,13.31830559051691],[-87.22915386795702,13.31829753219436],[-87.22946802920202,13.317441615046818],[-87.22963971067897,13.316975989182477],[-87.22970551830113,13.316798285504893],[-87.22983908837374,13.316434671104641],[-87.22985771952969,13.316383495988367],[-87.22987984495175,13.31632400829081],[-87.229892287931,13.316290111330112],[-87.22994564046013,13.316146457128404],[-87.22995804329483,13.31611241753067],[-87.23014891781054,13.315594675397358],[-87.2301505196485,13.315591140657737],[-87.2301512730983,13.315589746970227],[-87.2301520017571,13.315588663546894],[-87.23015535220713,13.315585374975894],[-87.23015651992053,13.315586255534187],[-87.23018646592344,13.31558190975129],[-87.2302083985108,13.315581199958148],[-87.23022666935181,13.315582027624579],[-87.2302523591873,13.31558562995114],[-87.23028632767412,13.315593085462806],[-87.23034446613784,13.315611223827641],[-87.23042359893336,13.315642553787386],[-87.23048307470359,13.315669760943814],[-87.23052032335224,13.315688955738894],[-87.23056436572644,13.31571405600145],[-87.23060779621316,13.31574203978236],[-87.23070786375746,13.31581457036532],[-87.23080980668611,13.315888625823241],[-87.23086268473482,13.315923578237117],[-87.23089354497704,13.315942397760535],[-87.23094913567044,13.315973327787463],[-87.23100674408526,13.31600166121484],[-87.23107378949771,13.316030731610832],[-87.23115035466189,13.316060479400445],[-87.23128986253599,13.316108308580525],[-87.23140493308452,13.316142142938949],[-87.23147688497087,13.316159161826702],[-87.23152219887083,13.316167782636606],[-87.2316317645804,13.316183633220012],[-87.23182407707681,13.316205381493445],[-87.23192296548473,13.316221881969309],[-87.23203075282595,13.31624601640173],[-87.23209278508212,13.31626313468319],[-87.23217070336412,13.31628926770493],[-87.23225627235216,13.316322255524884],[-87.23232309756824,13.316351845785338],[-87.23243085712518,13.316406002830096],[-87.23245779637176,13.316421521276064],[-87.23247032879588,13.316429590515702],[-87.23248234884879,13.316438099200724],[-87.23249355093888,13.316446723518297],[-87.23250395309599,13.316455520164327],[-87.23251374554896,13.316464673713172],[-87.23252287343355,13.31647392483838],[-87.23252724665403,13.316478774292493],[-87.232531196596,13.31648342447717],[-87.23253866432738,13.316492855538927],[-87.23254205140051,13.316497798009761],[-87.23254503611257,13.316502469064577],[-87.23254792511158,13.316507322270624],[-87.23255295057534,13.316516452213545],[-87.23255505633304,13.316520848413068],[-87.23255859665974,13.316529772676999],[-87.23255994537577,13.316534377942677],[-87.23256094913035,13.316538715544272],[-87.23256168074715,13.316543227376348],[-87.23256214233905,13.316547472638655],[-87.23256239313686,13.316551941610085],[-87.23256238862939,13.31655602897846],[-87.2325621445928,13.316560172417422],[-87.23256110745483,13.316568034466874],[-87.232560199695,13.316571714333426],[-87.23255905494146,13.316575468821794],[-87.23255648878917,13.31658247092254],[-87.23255484877868,13.316585689561641],[-87.23255292176987,13.316588989127895],[-87.23254862397889,13.316595260226645],[-87.23254621072802,13.316598039993575],[-87.232543493435,13.3166008207506],[-87.23254076818351,13.316603325844623],[-87.23253482671971,13.316608137023788],[-87.232531501272,13.316610327059497],[-87.23252816364005,13.31661227035337],[-87.23252071231863,13.316615946467985],[-87.23251293117804,13.316618756823608],[-87.23250471549028,13.316620974425616],[-87.23249605715607,13.316622614959181],[-87.23248705991733,13.316623481291387],[-87.23247223249268,13.316623553255583],[-87.23245647498221,13.316622402714303],[-87.23244547544601,13.31662076254551],[-87.23242202631027,13.316614957781011],[-87.2323973124099,13.316606794508502],[-87.23237187305526,13.316596797582],[-87.23234538011748,13.316584670338084],[-87.23230395428757,13.316562683921003],[-87.23225490863477,13.316532648378821],[-87.2322132844767,13.31650457668799],[-87.23219278406374,13.316489636222393],[-87.23216554464862,13.316468057333191],[-87.23212547954287,13.316433896877228],[-87.23208034907532,13.316391903918301],[-87.23192412787192,13.316234613769799],[-87.23188192452308,13.316187213282488],[-87.23186500442733,13.316166307263089],[-87.23185377474887,13.316157145493857],[-87.23185292332568,13.316157056623156],[-87.23184645785446,13.31615440447901],[-87.23184535168944,13.316153957370169],[-87.23184608905062,13.316150620452294],[-87.23184555759312,13.316150209065002],[-87.23184516214951,13.316149059539871],[-87.23183977676915,13.316141297713004],[-87.23183787937795,13.316143331665613],[-87.23182999125235,13.316138326647872],[-87.23182996680248,13.316138562188454],[-87.23183013840833,13.316139405878776],[-87.23183015943471,13.316139178832158],[-87.2318300349877,13.316138982772387],[-87.23183153198214,13.316137149947268],[-87.23183158857516,13.316136799917302],[-87.23183199215333,13.31613759148113],[-87.23183182617082,13.316137761821258]]}},{"type":"Feature","properties":{"id":"3"},"geometry":{"type":"LineString","coordinates":[[-87.23180235279054,13.316115584263759],[-87.23180292654102,13.316116874134504],[-87.23180442664578,13.316117400329949],[-87.2318070628987,13.316129096006076],[-87.2318072487335,13.316130662592],[-87.23180878787304,13.316137624514147],[-87.23180997144031,13.316141723646403],[-87.23181072026101,13.316143831181881],[-87.2318116463286,13.316146128610214],[-87.23181268621175,13.316148447175749],[-87.23181394793993,13.316150957790198],[-87.23181689911645,13.316155946486044],[-87.23182563381023,13.316168753292663],[-87.23183495873047,13.316179699940735],[-87.23185117750883,13.316194507942184],[-87.23188577809222,13.316221070951302],[-87.23203596016485,13.316333532576943],[-87.23207644059924,13.316360982853544],[-87.23209075303846,13.316370052348624],[-87.23211281776499,13.316382745196734],[-87.23215895691187,13.316406804714218],[-87.23220602325758,13.316428544962678],[-87.2322142136314,13.316432028477966],[-87.23222178852546,13.31643560620851],[-87.23230585130223,13.316467949737854],[-87.23244048187684,13.316508697679694],[-87.23255138147853,13.316536666244424],[-87.23272446657744,13.316548600472126],[-87.23277825439285,13.316552362203815],[-87.23277984045575,13.316552746725039],[-87.2327845775861,13.316554946140585],[-87.2327842981235,13.316554131866475],[-87.2327843724262,13.316553908157353],[-87.23278608223296,13.316553030621451],[-87.23278585066215,13.316553621603319],[-87.23278578558569,13.316554047656378],[-87.23278004153076,13.316569498645682],[-87.23277919356464,13.316571342409059],[-87.2327713664288,13.316592153037465],[-87.2327703780271,13.316595376783368],[-87.23276157108191,13.316620436217576],[-87.23275997853955,13.316624455269471],[-87.23272208431379,13.316727556358007],[-87.23265441344768,13.31690989185142],[-87.23258602871239,13.317098419183957],[-87.23251695046196,13.317284249813234],[-87.2325140258944,13.317292578275103],[-87.23247659938818,13.317393894484798],[-87.23247357361403,13.31740253737966],[-87.23237638824456,13.317665228168522],[-87.23237026179494,13.317682283526906],[-87.23236722644243,13.317691052841134],[-87.23228955225234,13.317901869793998],[-87.2322865596855,13.317910456930937],[-87.23215784113916,13.31825774416085],[-87.23215462066382,13.318266152663996],[-87.23210481582419,13.318401367397694],[-87.23197106395799,13.318765666109195],[-87.2319677796563,13.31877429931156],[-87.23193348153939,13.318867302484009],[-87.23191537611565,13.31891698644063],[-87.23187571258816,13.319023900120417],[-87.23187346611181,13.31902968081],[-87.23186560803119,13.319051327807244],[-87.23185283371909,13.31908476588545],[-87.23183982847,13.319120044496199],[-87.23182185627388,13.319164997262824],[-87.23182039839632,13.319167861448292],[-87.23181747871037,13.319171931255529],[-87.23181509501835,13.319174387313847],[-87.2318110026189,13.319176972605481],[-87.23180832163912,13.319177903710678],[-87.2318021047041,13.319178667854766],[-87.2317910551102,13.319176637015744],[-87.23178483519706,13.319174406907285],[-87.23174388610776,13.319153178876114],[-87.23174139144811,13.319150940013142],[-87.23173821808544,13.319146703870121],[-87.23173735370052,13.319145275841983],[-87.23173635566764,13.319143903050666],[-87.23173572410808,13.319142330781473],[-87.23173529203005,13.319140796448512],[-87.23173495530864,13.319139128296536],[-87.23173479679039,13.319137719236515],[-87.23173471615347,13.319135993763311],[-87.23173478900357,13.31913427933747],[-87.23173498771041,13.319132421921221],[-87.23173573743237,13.31912882006365],[-87.23173686572825,13.319124868859246],[-87.23173834540361,13.319120550173656],[-87.23174020715231,13.319116103296956],[-87.23174244579785,13.319111333545406],[-87.2317476946043,13.319100808950937],[-87.23175028750809,13.319094733734458],[-87.23175867579424,13.319073171989515],[-87.2317620809368,13.319065126173415],[-87.23181750590041,13.318911703507753],[-87.23194996282453,13.318552953491189],[-87.23196218908394,13.318519069558045],[-87.23199943501,13.318417807751405],[-87.23201461485377,13.318375383788949],[-87.23213301675477,13.318054123523476],[-87.23213638671582,13.318045498867185],[-87.23228004805925,13.317656947856486],[-87.23228325543478,13.317648756757126],[-87.23230807855145,13.31758102964102],[-87.23232404500001,13.317538811513884],[-87.23242627330292,13.31725888537798],[-87.23243842302352,13.317224938495704],[-87.23246055606629,13.317165465532309],[-87.23247889488319,13.317114743436125],[-87.23255690579472,13.31690337468827],[-87.23257603961508,13.31685279881333],[-87.23259768930305,13.316793760032185],[-87.23261475567776,13.316748294813776],[-87.23262213446206,13.316727719202406],[-87.23262452707877,13.31672060162544],[-87.2326702797813,13.316593349227288],[-87.23268104578179,13.316562375388704],[-87.23268187121062,13.316559415581006],[-87.23268734862103,13.316543115091092],[-87.23268804164317,13.316541357908827],[-87.23268977405769,13.316536047774422],[-87.23269051046414,13.316532836561025],[-87.23269069625606,13.31653126536009],[-87.2326907104123,13.316529789572948],[-87.23269058878128,13.31652823825206],[-87.23269027776647,13.31652684513776],[-87.2326892986614,13.316523906512861],[-87.2326879472682,13.316521040529592],[-87.23268613322638,13.316518325691982],[-87.23268399971826,13.316515858299692],[-87.23267964832797,13.316512519702892],[-87.23266818233286,13.316507211392345],[-87.23262232391629,13.316494453224088],[-87.23261896930877,13.31649423157332],[-87.23261374417531,13.31649513779589],[-87.23261082003033,13.31649622028124],[-87.23260465178105,13.31649961421908],[-87.23260217225486,13.316502141355722],[-87.23259906816357,13.31650661267211],[-87.23259732750886,13.316510089595457],[-87.2325957189791,13.316513785876724],[-87.23259438582704,13.316518062405155],[-87.2325902583308,13.316536748448277],[-87.2325894302961,13.316540026857787],[-87.2325828536286,13.316561531099115],[-87.2325818284629,13.316565352288551],[-87.23257765441303,13.31657783669583],[-87.23257634513644,13.316582119633816],[-87.23255415849715,13.316642399054789],[-87.23255215943816,13.316648375626643],[-87.23251300065829,13.31675496304442],[-87.23248038171151,13.316844742106197],[-87.2324355617013,13.316965685313036],[-87.2324324263395,13.316974617575882],[-87.23228918545769,13.317362950818024],[-87.23228627603238,13.317371168910471],[-87.23226184407883,13.317437118130504],[-87.23223557470098,13.317506826164054],[-87.2322233137024,13.317540124899566],[-87.23222030285922,13.317548721207901],[-87.23217063796217,13.317684102902705],[-87.23214305237047,13.31776020871492],[-87.23213998764905,13.317769017320243],[-87.23208985210967,13.317904270823936],[-87.23182426840604,13.318622988359962],[-87.23182118917624,13.318631683886135],[-87.23175885586159,13.318800882187695],[-87.23170209223706,13.318952749467872],[-87.23166553001892,13.319053010341637],[-87.2316642095969,13.319056347896232],[-87.2316627734071,13.319059647931478],[-87.2316471369716,13.319099400099356],[-87.23164469345227,13.319103362976445],[-87.23164274696856,13.319105622683502],[-87.23164036393021,13.319107499067867],[-87.23163485995042,13.319109753772343],[-87.23162875288641,13.319110259866681],[-87.23162017881498,13.319108705731841],[-87.23160834977554,13.319103663965008],[-87.23159068197171,13.319094502990458],[-87.2315775134064,13.319089235899083],[-87.23157061804731,13.319085454365517],[-87.23156702776649,13.31908167533324],[-87.23156484365505,13.319078563936946],[-87.23156322845213,13.31907557677139],[-87.23156253543,13.31907397323607],[-87.23156147545474,13.319070931875897],[-87.23156119553435,13.319069283942683],[-87.2315610258531,13.319067502607336],[-87.23156099317399,13.31906583945794],[-87.23156106985365,13.319064201738327],[-87.23156129901227,13.31906245792233],[-87.23156207519357,13.319058686810804],[-87.23156324067158,13.319054797721767],[-87.2315656463529,13.319048371282488],[-87.23157308773105,13.31903341544438],[-87.23157578035801,13.319027348773977],[-87.23158124399956,13.319013512263133],[-87.23158286532981,13.319009917700992],[-87.23158756131198,13.318997907548717],[-87.23158920345404,13.318993970101408],[-87.23160276976756,13.318956700463835],[-87.23160482427188,13.31895144316918],[-87.2316626518817,13.318793910467202],[-87.23166567906443,13.31878614729687],[-87.23170327249639,13.31868222349237],[-87.23170658410696,13.318673437085994],[-87.23175612466588,13.318536778065775],[-87.23175930061463,13.31852854569513],[-87.23176874846224,13.318503140509693],[-87.23177188468237,13.318495327938884],[-87.23179699112039,13.318428569968424],[-87.23184968671008,13.318283847623073],[-87.2318529345691,13.318275820358206],[-87.23186858346617,13.318233790974244],[-87.23199569668725,13.317886452467889],[-87.23202083571357,13.317818648332894],[-87.23202391143953,13.317809978549164],[-87.23208588420572,13.317641658721488],[-87.2321259962432,13.317531259285674],[-87.23213813430779,13.317497375039869],[-87.23223212487335,13.317243954865432],[-87.23226023336576,13.317167745666564],[-87.23226664973669,13.317151029232972],[-87.23249405312282,13.316533336766911],[-87.23249847163203,13.31652188200523],[-87.23251543017984,13.316471798936526],[-87.2325158585295,13.316470076068832],[-87.23251612904758,13.316468485222352],[-87.232516284062,13.316466826163607],[-87.23251610179155,13.31646341060003],[-87.23251583556961,13.316461792317524],[-87.23251542757394,13.316460109079642],[-87.2325134141474,13.316455792634791],[-87.23251255392661,13.316454328754832],[-87.23251067854108,13.316451891899124],[-87.2325068874141,13.316448446241901],[-87.2324961906454,13.316442943690554],[-87.23248423812622,13.316439120781482],[-87.23246694271613,13.31643474261209],[-87.23245047590419,13.316429611319919],[-87.23244864981899,13.31642932208221],[-87.23244333763519,13.316429528256247],[-87.23243780134605,13.316430722648267],[-87.23243164992932,13.31643362005399],[-87.23242913068111,13.316435771788695],[-87.2324269092775,13.316438223678198],[-87.23242490021757,13.316441218972948],[-87.2324231775927,13.316444576616028],[-87.23242240752113,13.316446472124841],[-87.23242097675437,13.316450686121025],[-87.23242032444023,13.316453009298312],[-87.23241885296545,13.316457729857825],[-87.2324157540155,13.316471748910727],[-87.2324149037252,13.31647499170291],[-87.23240698355256,13.316499620472305],[-87.23240423780445,13.316507590858878],[-87.23240293613419,13.316511800790463],[-87.23225053045701,13.316924939038723],[-87.23205092183694,13.317466424702987],[-87.23203859761065,13.317500494461134],[-87.23181436617202,13.318109650493488],[-87.23178635496583,13.318185775378039],[-87.23177367799605,13.318219486513735],[-87.23165482481632,13.318540865798923],[-87.23162698844428,13.318617140343992],[-87.23161430971322,13.31865069931788],[-87.2316019141775,13.318684673089024],[-87.23159901214724,13.31869295381794],[-87.23155106283215,13.318821925748733],[-87.23153846231259,13.318855535165302],[-87.2315293724714,13.318880892200907],[-87.23152078822295,13.318904202972869],[-87.2315034901894,13.318949031300317],[-87.23149590666776,13.31897008903533],[-87.23148999312524,13.3189851957846],[-87.23148626084179,13.318995548623825],[-87.23148511154484,13.318999024374692],[-87.23147679936395,13.319020026456004],[-87.23147348747165,13.319027781080262],[-87.23147290224121,13.319029409836919],[-87.23147219805605,13.319031057353252],[-87.23146972550234,13.319035251182784],[-87.23146872290916,13.319036485152507],[-87.23146510884091,13.319039565699558],[-87.23145813477733,13.319042799450619],[-87.23145333130276,13.319043083347031],[-87.23144445769643,13.319041667408463],[-87.23143426174894,13.319037811044637],[-87.23139699941291,13.319018781855798],[-87.23139311503785,13.319015294432244],[-87.23139203469097,13.31901400480882],[-87.23138917248836,13.319009476848635],[-87.23138773774235,13.319006492809688],[-87.23138730456829,13.319005011212257],[-87.23138696788207,13.319003383289363],[-87.23138683723614,13.319001729311363],[-87.23138697305862,13.31899837174645],[-87.2313874998329,13.318994660665883],[-87.2313879301546,13.31899267505852],[-87.23139076055847,13.318984884165557],[-87.23140137059376,13.318962463227507],[-87.23141280433236,13.31893357958147],[-87.23141459189284,13.318929524990414],[-87.23141941156608,13.31891659061149],[-87.23142129343111,13.318912063485069],[-87.23147586772807,13.318761762637743],[-87.23147879852858,13.31875410743976],[-87.23151098905527,13.318664972303823],[-87.2315144192684,13.318655968910544],[-87.23158023792016,13.318475519598215],[-87.23158359990512,13.318466757162536],[-87.2316173518269,13.318373744193368],[-87.23162058087698,13.318365258150232],[-87.23192178593666,13.317544984384892],[-87.23192509631471,13.317536330025785],[-87.23213408255803,13.316969857673163],[-87.23231701318456,13.316471853313528],[-87.23234006148843,13.316403549650081],[-87.2323404182117,13.316401992883675],[-87.23234068306027,13.31640039716489],[-87.23234082905975,13.31639888393656],[-87.23234067425665,13.316395855239168],[-87.23234047307596,13.316394239536116],[-87.23233967367068,13.316391212975242],[-87.23233907502352,13.316389754723184],[-87.23233757724347,13.316386911251525],[-87.23233457791545,13.316383288992808],[-87.23233208039463,13.316381088665334],[-87.23232537709562,13.31637722643911],[-87.23231219819485,13.316372560386874],[-87.23227377568058,13.316362049627665],[-87.23226871292137,13.316362286807276],[-87.23226169751591,13.316364422518093],[-87.23225839044802,13.316365848566042],[-87.23225571600933,13.316367751083677],[-87.23225224251752,13.316371434076842],[-87.2322512022096,13.316372827738297],[-87.23224830775047,13.316378006581033],[-87.23224742886597,13.31637997955167],[-87.23224668453624,13.31638193972925],[-87.23224529708337,13.316386302135305],[-87.23224353121503,13.316393645662133],[-87.23224122156377,13.316404796751577],[-87.23223951552495,13.31641122806316],[-87.23223623838942,13.316421343800938],[-87.23223092229681,13.31643648343175],[-87.23222966732102,13.316440641461568],[-87.23220901269032,13.316497895207542],[-87.23220722023501,13.316503334705537],[-87.23217990093566,13.316578006366665],[-87.23217718364089,13.316585085069418],[-87.23215855796634,13.31663595224042],[-87.23215579517438,13.316643928437282],[-87.23204009151709,13.316958143558978],[-87.23203681512106,13.316966736949142],[-87.23195893138683,13.317177378238496],[-87.23190585149813,13.317321451499096],[-87.23190294201122,13.317329732123794],[-87.2318808366647,13.31738920800536],[-87.23168118836664,13.317929990338149],[-87.23167828961132,13.31793813933246],[-87.23165324847265,13.318005568065516],[-87.23154705601613,13.31829289041167],[-87.23154397298315,13.318301534661398],[-87.23137723254075,13.318753118596456],[-87.23137487707538,13.318759960875195],[-87.23133209324031,13.318875825838054],[-87.23133026159122,13.31888038694033],[-87.23131804042029,13.318912819916847],[-87.23130784197255,13.318938298265017],[-87.23129811395586,13.318961948587093],[-87.23129736008298,13.318963503347256],[-87.23129654761311,13.31896485008347],[-87.2312935521939,13.318968335214173],[-87.23128827666844,13.31897169799011],[-87.23128268695885,13.318973339461659],[-87.23127479351403,13.318973044517882],[-87.23126512479861,13.318970323739707],[-87.23122443742598,13.318950528113929],[-87.23122006966094,13.318947394414467],[-87.23121889507995,13.318946286134565],[-87.23121580708172,13.318942105436806],[-87.2312134062248,13.318937616038175],[-87.23121271693539,13.318935929960288],[-87.23121234429513,13.318934331844432],[-87.23121208339059,13.318932600951767],[-87.23121197743005,13.318931011381984],[-87.2312119986644,13.318929193777933],[-87.23121217970238,13.318927462676827],[-87.23121249124542,13.318925596297621],[-87.23121343686145,13.318921757651266],[-87.23121547205058,13.318915646791405],[-87.23121634984342,13.318913402717412],[-87.23122497913124,13.31889596455744],[-87.23123605660436,13.318868797004772],[-87.23123773193609,13.318864990875186],[-87.2312665914138,13.318786046203066],[-87.23126884222155,13.318780264471279],[-87.23128725956687,13.318729019084387],[-87.23129767729554,13.318700971494527],[-87.23130055157675,13.318693513481573],[-87.23134876820542,13.318561705713266],[-87.2314145360778,13.318382217104732],[-87.23146750350007,13.318238444832692],[-87.23147065717343,13.318230188908233],[-87.23166694545854,13.317696530457747],[-87.2319195087092,13.317011506131506],[-87.23192259598554,13.317002736296176],[-87.2319318799733,13.31697752954641],[-87.23193522221173,13.316968931257886],[-87.2319725878496,13.316867267004113],[-87.23197575321417,13.316858996749348],[-87.23199756413193,13.316799489184774],[-87.23205075999091,13.316656152085079],[-87.23214887305224,13.316389647324046],[-87.23216594425134,13.316339276320388],[-87.23216635869127,13.316337608976122],[-87.23216663128703,13.316336020005608],[-87.23216680369741,13.316334359644108],[-87.23216681415613,13.316332768484964],[-87.23216668262982,13.316331092855174],[-87.23216641975328,13.31632953453849],[-87.23216598742437,13.316327931302807],[-87.23216543779583,13.316326372582267],[-87.23216474199174,13.31632475568068],[-87.23216401629048,13.31632333975514],[-87.23216312997573,13.31632188879851],[-87.2321574241638,13.316315989336736],[-87.23215079527313,13.316311645573109],[-87.23213997095735,13.316307353854551],[-87.23210108505495,13.316295794390436],[-87.23209593848513,13.316295339767954],[-87.23208900359771,13.316296551616894],[-87.23208425467048,13.316298598258337],[-87.2320801389711,13.316301782960666],[-87.23207901698304,13.31630290223582],[-87.23207686623739,13.316305837695026],[-87.23207498778818,13.316309219347884],[-87.23207329696204,13.31631299785906],[-87.23207251308638,13.316315077212685],[-87.2320705221267,13.316321683679705],[-87.23206647007761,13.316337910954775],[-87.23205997634035,13.316358092248203],[-87.23204145896811,13.316410246124457],[-87.23162707711448,13.317535257910368],[-87.23162419276193,13.317543463704805],[-87.23157426947819,13.317678681356675],[-87.23152119924707,13.317822625488182],[-87.2315182797856,13.317830945925078],[-87.23148076737353,13.317932449939962],[-87.23147766690936,13.317941133168125],[-87.23143997921687,13.3180426999237],[-87.23142767043218,13.318076577395178],[-87.23141507021194,13.318110315836623],[-87.23136223378776,13.318253876541219],[-87.23135911392036,13.31826266482356],[-87.23116603555503,13.31878522015205],[-87.2311642548966,13.31879050621154],[-87.23113903684886,13.318856508375545],[-87.23113305763123,13.3188707288344],[-87.23113183019322,13.318873269311254],[-87.23112456606746,13.318891907673535],[-87.23112307797143,13.318894951326557],[-87.23112227902395,13.318896318906853],[-87.23112028799383,13.318898884188169],[-87.23111788770036,13.31890097505815],[-87.23111135462844,13.318904211518943],[-87.23110494861061,13.31890489270358],[-87.23109585184976,13.318903371502392],[-87.23106037510219,13.318886596184264],[-87.23104980700742,13.318882070100047],[-87.23104570979568,13.31887885740151],[-87.23104317498266,13.318876233756761],[-87.23104131171091,13.3188735013059],[-87.23103988249359,13.31887053873636],[-87.23103939540604,13.318868968134694],[-87.23103902100507,13.318867394197975],[-87.23103857110411,13.318864072693323],[-87.2310385497641,13.31886227989373],[-87.23103870921554,13.318860524196605],[-87.23103928680443,13.318856801443353],[-87.23104026062731,13.318852968841783],[-87.2310423797679,13.31884664662292],[-87.2310443378372,13.31884221266955],[-87.23105202848147,13.31882655250987],[-87.23105600525949,13.318816895029261],[-87.23106323057881,13.318798138897911],[-87.23106485889916,13.318794325264456],[-87.23106961673565,13.318781391719297],[-87.23107129379291,13.318777112845904],[-87.2310764301153,13.318762893429254],[-87.23107828852744,13.318758078862926],[-87.23108581866384,13.31873737610265],[-87.23108796238418,13.318731881602329],[-87.23110285813465,13.318690564669128],[-87.23110533625226,13.318683968559013],[-87.23111241381139,13.318664270066662],[-87.23114803733314,13.318566522780886],[-87.23115110930877,13.318558443197372],[-87.23137275511762,13.317954215748479],[-87.23149429243324,13.317624100291157],[-87.23149753283998,13.317615578604638],[-87.23151937358445,13.317556495529818],[-87.23152267265864,13.3175478788985],[-87.23162547837435,13.317268581837025],[-87.2316287719727,13.317259930291868],[-87.23170675141122,13.317048677489225],[-87.23171008199363,13.317039949446283],[-87.23183752892973,13.31669328837263],[-87.2318408507349,13.316684629688375],[-87.23187846332796,13.31658314552748],[-87.23190272921855,13.316516791671681],[-87.2319056317594,13.316509325633755],[-87.2319262221588,13.316453157577909],[-87.23192854201346,13.31644636941562],[-87.231979286289,13.316307238612827],[-87.23198664204298,13.316284896830181],[-87.23199045061874,13.316274502276736],[-87.23199137785281,13.316271079691308],[-87.23199167458812,13.31626951841737],[-87.23199186302112,13.316267896304762],[-87.23199185773895,13.316266333675959],[-87.23199152277826,13.316263120938338],[-87.23199118765908,13.316261475910268],[-87.23199007943988,13.316258343930443],[-87.23198936925066,13.316256872481475],[-87.23198850126506,13.316255366965457],[-87.23198543638517,13.316251640329995],[-87.23198294754472,13.316249192908943],[-87.23197621725379,13.316245041848864],[-87.23196568733157,13.316240810578147],[-87.23192464925735,13.316229067972706],[-87.23191928434856,13.31622889031598],[-87.23191224411686,13.316230552019316],[-87.23191065124874,13.316231247951144],[-87.23190894928602,13.31623167120328],[-87.23190621683139,13.31623351185307],[-87.23190258747121,13.316237195732109],[-87.23190049964515,13.316240377464155],[-87.23189859282182,13.316243973055473],[-87.23189701204993,13.316247933105585],[-87.23189548808787,13.316252274889024],[-87.23189020323937,13.316274249411952],[-87.23188203857217,13.316298974585232],[-87.2318805959029,13.316303007967432],[-87.23187933865577,13.316306903935017],[-87.23175523865042,13.316647518309503],[-87.23175190600799,13.316656273866636],[-87.23165470639863,13.316921297368955],[-87.23163493435874,13.316971526137799],[-87.23163317014549,13.316975728930286],[-87.23162671271442,13.316989494779687],[-87.2316179546294,13.31700580016796],[-87.23161568679542,13.317008916358393],[-87.23161605274493,13.317008946686533],[-87.2316164302976,13.3170085524207],[-87.23161701933122,13.317002182781549],[-87.23161895518014,13.316992729572954],[-87.2316195799565,13.31699018430196],[-87.23162004329181,13.31698759546683],[-87.23162427273415,13.316972136139892],[-87.23163047899752,13.316953225814437],[-87.23164212743916,13.31692040878569],[-87.23167045093393,13.31685012227672],[-87.23167290902329,13.316843617411578],[-87.23169303010089,13.316793550028049],[-87.23170763372033,13.316756356419269],[-87.23172295681245,13.316718211278094],[-87.23176824104712,13.316596977400513],[-87.23178459173364,13.316549095675432],[-87.2317868607242,13.316542147951688],[-87.23180172787218,13.31649342587134],[-87.2318158461731,13.316443620992981],[-87.23184137905864,13.316345461802067],[-87.23185929661722,13.316268180774388],[-87.23186441181528,13.316243145506288],[-87.23186492160737,13.316240115102286],[-87.23186610875554,13.316228759206696],[-87.23186618853407,13.316226258789564],[-87.23186725512087,13.316208635514592],[-87.23186708071647,13.316195912807332],[-87.23186659593111,13.316190389639884],[-87.23186549552075,13.316183670738576],[-87.23186358819561,13.316176688622095],[-87.23186090488285,13.316171238213524],[-87.23185903087949,13.316168620392093],[-87.23185196739738,13.31616276216252],[-87.23185186353209,13.316162278175936],[-87.23185189695948,13.316160775890753],[-87.23185178202363,13.316159614901377],[-87.23185418295537,13.316145646581019],[-87.2318309188458,13.31613759095843],[-87.23183015702766,13.316135260401033],[-87.23182987894505,13.316133538780727],[-87.2318228858964,13.316125928969923],[-87.231817395505,13.316125434571068],[-87.23181757766544,13.316124285422921],[-87.231817645832,13.31612390927027],[-87.23181764293777,13.316124065957524],[-87.23181643407764,13.316124574536055]]}},{"type":"Feature","properties":{"id":"4"},"geometry":{"type":"LineString","coordinates":[[-87.2318121591989,13.316126485369013],[-87.23181246461064,13.316126900757801],[-87.23181213156484,13.316127923597724],[-87.23181223469169,13.316128182894863],[-87.23181211769581,13.316128363623648],[-87.23180164847068,13.31613881775046],[-87.23180023355314,13.3161398311735],[-87.2317855696571,13.316152059975321],[-87.23177412335538,13.316159811788886],[-87.23176238767827,13.316165853599465],[-87.23173276701358,13.316176191610078],[-87.23170412334953,13.31618119894835],[-87.2316846847454,13.316182449834349],[-87.2316562178847,13.316181230064657],[-87.23161760068292,13.316175096455433],[-87.23159884820744,13.316170721367058],[-87.23159578086364,13.316169538992954],[-87.2315428859316,13.31615348684075],[-87.23153856542599,13.316151723919848],[-87.2314691873131,13.3161241906783],[-87.2314658899656,13.316121157606702],[-87.23145098414903,13.316111748566394],[-87.23144949355331,13.31611045254237],[-87.23129087911589,13.316009979324393],[-87.23128584079736,13.316006242918265],[-87.23121962023029,13.315963957191164],[-87.23121565429976,13.315962402248614],[-87.23121527996932,13.315962672700593],[-87.23121132854718,13.315962726921265],[-87.23121182105757,13.315963020901002],[-87.23121003039886,13.315959865054701],[-87.23120844778754,13.315965152260617],[-87.23120813916742,13.315966697666997],[-87.23116976779825,13.316072421556747],[-87.2311683900651,13.316076578518306],[-87.23115176232855,13.316122247548517],[-87.23115002991466,13.31612665363369],[-87.2310964837604,13.316271425630298],[-87.23109415769997,13.31627799632366],[-87.23105489314952,13.316382593874064],[-87.23104747471628,13.316401666288321],[-87.2310411937827,13.316418668572458],[-87.23103917035594,13.316424580110773],[-87.23100751615792,13.316511281152845],[-87.2310020455106,13.316526810072965],[-87.23100016019525,13.316533333176679],[-87.23088710656017,13.316841773679633],[-87.23084349428326,13.316958321911537],[-87.23084040364503,13.316966961054465],[-87.23081821736577,13.317026625627095],[-87.2308160989302,13.31703270511661],[-87.23077815020581,13.317135856543608],[-87.23077437626488,13.31714649494677],[-87.2307368043359,13.317247955293302],[-87.23073378123914,13.317256585577493],[-87.23071286507746,13.317313268977239],[-87.23065870999358,13.317457456776078],[-87.23056518337751,13.317711519573598],[-87.23056270793707,13.317717702866647],[-87.23051088398448,13.31785763096865],[-87.23050880998966,13.317863535576306],[-87.23047111213354,13.317965192690982],[-87.23046883389446,13.317971718348097],[-87.23044582500381,13.318034415265835],[-87.23036515894452,13.318252635724377],[-87.23035195053865,13.318288304327922],[-87.23034991781526,13.31829416401658],[-87.23031388166228,13.31839248388932],[-87.23030290374457,13.318421650389565],[-87.23026015908322,13.31853794765871],[-87.2302440151943,13.318584419333675],[-87.23024350458365,13.318586275707721],[-87.230232054087,13.318621554526912],[-87.23023184195468,13.31862318828615],[-87.23023206521479,13.318624597554612],[-87.23023231227991,13.318625426523798],[-87.23023263907072,13.31862607060597],[-87.23023364127619,13.318627178052107],[-87.23023591965612,13.318627690399671],[-87.23024135283517,13.318627547826143],[-87.23026826222774,13.318616881283466],[-87.23029059992948,13.318611996055697],[-87.23031524939452,13.318610115502514],[-87.23032444123139,13.318608113428326],[-87.23033363137793,13.318602872600497],[-87.23033740693874,13.318599834783818],[-87.23034249684655,13.318594669828451],[-87.23034363850154,13.318592884324287],[-87.23034566840776,13.318588940415312],[-87.23034617732813,13.318587148032602],[-87.2303472474272,13.318584725741697],[-87.23034827893115,13.318582089173619],[-87.2303491180229,13.318579532229938],[-87.23035037673097,13.318576373517574],[-87.2303520747755,13.318568148233918],[-87.23035241593385,13.31856586226332],[-87.23035386226493,13.318559809558451],[-87.23035595090897,13.318552599381645],[-87.23036147254692,13.318536632605504],[-87.23036233755657,13.318533583324578],[-87.2303697721885,13.318511951543515],[-87.23043450325147,13.318336759525842],[-87.23043766227633,13.318328634919107],[-87.23045885536506,13.318270657310237],[-87.23046128474488,13.318264376571099],[-87.23052790556027,13.31808277416409],[-87.2305503297489,13.318022416786246],[-87.23061810250191,13.317837954675248],[-87.2306203584854,13.317831449862217],[-87.23064618235495,13.317761285030583],[-87.23064845566398,13.317755429198082],[-87.23069974921536,13.317616161436632],[-87.23070312086551,13.31760741317493],[-87.23084496146134,13.317222171683534],[-87.23084892534943,13.317211730673838],[-87.23095202313326,13.316932514278964],[-87.23095503383452,13.316924859497865],[-87.23096389500697,13.316900874263482],[-87.23096629332758,13.316894051630292],[-87.23097634151131,13.316866632333209],[-87.23098933334785,13.316831622402692],[-87.23099133980122,13.316825850363404],[-87.23105687319197,13.31664699624876],[-87.23109409656756,13.316546053617145],[-87.23110149640753,13.316526470366519],[-87.23116296343593,13.316359011008652],[-87.23116682196216,13.31634895339981],[-87.2311876000829,13.31629223149062],[-87.23126672976757,13.316078670938566],[-87.23126784670195,13.316076065714778],[-87.23127942312577,13.316045778659422],[-87.23129305414119,13.316012073581538],[-87.23129581443193,13.316007038172149],[-87.23129687590344,13.316005683541238],[-87.23129922175443,13.316003440170734],[-87.23130745804508,13.316000250504908],[-87.23131243590026,13.315999556540241],[-87.23131939668552,13.316000485652221],[-87.23132082646578,13.31600114719131],[-87.23132976187044,13.316004154705904],[-87.23136790952171,13.316022346952694],[-87.23137293836754,13.316025925621222],[-87.23137427901982,13.316027157793144],[-87.23137646048939,13.316029970578404],[-87.23137716294877,13.316031218728618],[-87.23137921986456,13.316036889771809],[-87.23137963588898,13.316038661864107],[-87.23137986781187,13.316040300000603],[-87.23138039849478,13.316042313024449],[-87.23138031309958,13.316044054671359],[-87.23138010410135,13.31604593484023],[-87.23137977396514,13.316047580656466],[-87.23137915514026,13.316048986869967],[-87.23137726637384,13.3160548602115],[-87.23137653926429,13.316057442624045],[-87.23137448551783,13.316061888380377],[-87.23136817380676,13.316073288908358],[-87.23136387094361,13.31608256169513],[-87.23136106269068,13.316089328006955],[-87.23135546928555,13.316103830587219],[-87.23135411046256,13.316106859362778],[-87.23133679160573,13.316152513415553],[-87.23122984343023,13.316445263147337],[-87.2312273262606,13.316451770175053],[-87.23120414182554,13.316515142753746],[-87.23120139741654,13.316522925856233],[-87.23119942455784,13.316529261701916],[-87.23112437077867,13.31673289143252],[-87.23104371352302,13.316952110426866],[-87.23104122272905,13.316958561201613],[-87.23101834948476,13.317021424507244],[-87.23101607962674,13.317027289406923],[-87.23100694040038,13.317052390372968],[-87.23100308786064,13.317063283490826],[-87.23093852505266,13.317239398484503],[-87.23093466793503,13.31725036893391],[-87.23092546532253,13.317275059271516],[-87.23092337484732,13.317280946474364],[-87.2308725029547,13.317419023100681],[-87.23086944154453,13.317427634104096],[-87.23084840466744,13.317484445173852],[-87.2308413290124,13.317504075193389],[-87.23079505050276,13.317628128024774],[-87.2307927303584,13.31763464617802],[-87.23075443181285,13.317737899011481],[-87.23071338097029,13.317849530853714],[-87.23068909745461,13.317915055583994],[-87.23067332529027,13.317958440875564],[-87.23067110416915,13.317964267630572],[-87.23061930528931,13.318103492348989],[-87.23059519319794,13.318168940685704],[-87.23059094618506,13.31817999847182],[-87.23058182815785,13.318204703504504],[-87.23057977599603,13.31821062780982],[-87.23048582363631,13.318466461207985],[-87.23048364019475,13.318472848460388],[-87.23044162996757,13.318587241414095],[-87.23044105061817,13.31858916282168],[-87.2304306179622,13.31861996245584],[-87.23042980929581,13.318623608085984],[-87.23042959730435,13.318625426106918],[-87.2304296078687,13.318627289984834],[-87.23042976506636,13.318629107172004],[-87.23043010566126,13.318630593563574],[-87.23043062373739,13.318632095588207],[-87.23043137591971,13.318633077136083],[-87.23043286239535,13.318636288375535],[-87.23043455973558,13.31863960050035],[-87.23043690107909,13.318642316692825],[-87.23043825937386,13.318643582970877],[-87.2304395965399,13.318644560766819],[-87.2304408289075,13.318644970978374],[-87.23045079574568,13.318649918321512],[-87.23045796669123,13.318652416901761],[-87.23048015451995,13.318658263667087],[-87.23049546988143,13.318663249988662],[-87.2305019887948,13.318663891777982],[-87.23050532107511,13.318663360253861],[-87.23051414639919,13.31865923896174],[-87.23051672748319,13.31865701343898],[-87.23051902530156,13.318654346438539],[-87.23051985453326,13.318652902152017],[-87.23052141946684,13.318649640469884],[-87.23052194683963,13.318647987950971],[-87.2305237543309,13.31864372408532],[-87.23052449904772,13.31864156588895],[-87.23052562450401,13.318638954333771],[-87.23052919483455,13.318624172960638],[-87.23053114149364,13.318617654390511],[-87.23053240470917,13.318614149666368],[-87.23054748413334,13.318570215966968],[-87.23055772184166,13.318542914178405],[-87.23058329082848,13.318472115582423],[-87.2305863513935,13.318464495610943],[-87.23070904831566,13.318130148804737],[-87.23071237172192,13.318121623991606],[-87.23078956351594,13.317912597649707],[-87.23079276536164,13.317904408634755],[-87.23082629663485,13.317812330731158],[-87.23083030594968,13.317801857621573],[-87.23106676558666,13.317160153553363],[-87.23106927053685,13.317153794127812],[-87.23116046214804,13.316906267044677],[-87.23116294723727,13.316900057383863],[-87.23133265474388,13.316439415834854],[-87.23133593032881,13.316430999384899],[-87.23138335031737,13.316302151202823],[-87.23139509003093,13.316270870695666],[-87.23139790941167,13.316263638580462],[-87.2314042729233,13.316245962784915],[-87.2314058768394,13.31624109391975],[-87.23143853299638,13.316152697175687],[-87.23143965422693,13.316150065007664],[-87.23146053725176,13.316095962724221],[-87.23146782655333,13.31607768173049],[-87.23146873677845,13.316075660828233],[-87.23146964742614,13.316074064503665],[-87.23147167416305,13.316071400294378],[-87.23147636410427,13.316068442958658],[-87.23147781247779,13.316067237004685],[-87.23148085828792,13.316065815757389],[-87.23148585054587,13.316064739564348],[-87.23149116019233,13.316065136839544],[-87.23149285161652,13.316065718148456],[-87.23150172391675,13.31606766789748],[-87.23150792417387,13.316070377286318],[-87.23153133778507,13.316081944062148],[-87.23154591420491,13.316088334512814],[-87.23154752935444,13.316089374088664],[-87.23155026575213,13.316091881114023],[-87.23155111435182,13.316093030801998],[-87.23155256054204,13.316095641363827],[-87.23155309988773,13.316097071359124],[-87.23155384328402,13.316098618473742],[-87.23155447922319,13.316100302472107],[-87.23155488190132,13.316101854665842],[-87.23155568722233,13.316103618767366],[-87.231555813889,13.316105312935361],[-87.23155582633733,13.316107138653951],[-87.23155562642447,13.316108730407475],[-87.23155509600564,13.316110050340315],[-87.23155313318308,13.316118137452126],[-87.23155148382264,13.316122430302299],[-87.23154178869974,13.316141558053678],[-87.2315348390423,13.316157678572846],[-87.23152569666424,13.316181023265298],[-87.23152344335705,13.316186384812935],[-87.23148344317511,13.31629690928068],[-87.2314376883055,13.316421988748301],[-87.23137077394182,13.31660369386453],[-87.23131806568202,13.31674782460269],[-87.23131577980139,13.316754391218428],[-87.23128970742292,13.316825026761569],[-87.23128763085744,13.316830967168938],[-87.23125357914873,13.316923563569105],[-87.23124956152327,13.316933845955328],[-87.23109453083312,13.317354596228261],[-87.23109039425297,13.317365460998166],[-87.2309723768485,13.31768608176717],[-87.23096906020344,13.317694568435629],[-87.23095908139233,13.317721637604224],[-87.23095603484268,13.31773030394868],[-87.23094721761797,13.317754362189463],[-87.23094492973011,13.31776027899091],[-87.23091862637955,13.317831329070755],[-87.23091656308995,13.31783723065602],[-87.23089380591277,13.317899237426165],[-87.23087943894892,13.317937318107013],[-87.23078861997786,13.318185012516025],[-87.2307861083369,13.318191461050032],[-87.23072321420457,13.318361328655103],[-87.23069488777939,13.318438484488007],[-87.23069266813728,13.318444223906306],[-87.2306725584587,13.318498337439038],[-87.23067099965243,13.31850289187121],[-87.23064468517408,13.318574370609625],[-87.2306173139782,13.31864928111789],[-87.230603830899,13.318689356577497],[-87.23060337606816,13.31869120440547],[-87.23060311998813,13.318692867971746],[-87.23060300871019,13.318694550297698],[-87.23060306716633,13.318695902244933],[-87.23060328352437,13.318697256068134],[-87.2306037492013,13.318698283681433],[-87.23060471267077,13.318701554743404],[-87.23060534568712,13.318703274588705],[-87.2306060895588,13.318704763064684],[-87.23060678413015,13.318706645076952],[-87.23060897743177,13.318709538652577],[-87.23061009753549,13.318710696332955],[-87.23061791980892,13.318716152271723],[-87.23062650525164,13.31871991421185],[-87.2306723111823,13.318732445674648],[-87.23067687252005,13.318732593250756],[-87.23068482177709,13.318730219318125],[-87.23068764492578,13.318728570968029],[-87.23069039032077,13.318726464256544],[-87.23069335791944,13.318722576835034],[-87.230696014926,13.318717542988951],[-87.23069685824349,13.318715604489217],[-87.2306986112931,13.318711192005253],[-87.23069974224286,13.318706721574737],[-87.23070286760263,13.318693552699878],[-87.23071461453519,13.318657437616071],[-87.23076197208837,13.318527819727143],[-87.23076384726198,13.318523035593175],[-87.23078575844535,13.31846382088797],[-87.23078886507099,13.318455883669543],[-87.2310748246426,13.317678752362207],[-87.23107712802485,13.317672928212712],[-87.23110328819313,13.317602179955191],[-87.23110526126312,13.317596381131256],[-87.23118023806333,13.317392946839986],[-87.23118430872185,13.317382478107659],[-87.23136779697607,13.316884982786592],[-87.2313717582583,13.316874750321947],[-87.23144651014333,13.31667134437863],[-87.23144882535766,13.316665321480802],[-87.23147490206752,13.31659424727393],[-87.23147783283179,13.316586580715922],[-87.23160146922473,13.316251980093924],[-87.23161115978735,13.31622625717952],[-87.23161234331239,13.31622340778684],[-87.2316237659896,13.316192759187604],[-87.23163900037528,13.316154960367614],[-87.23163963333882,13.316153739715306],[-87.2316435827009,13.316143340401918],[-87.2316450867662,13.316140185995161],[-87.23164862660096,13.316136228617326],[-87.23165142055679,13.316133773694848],[-87.2316542011135,13.316132132181773],[-87.23165859956646,13.3161310060183],[-87.23166162618467,13.316130913474641],[-87.23166282789803,13.316131254960975],[-87.23167090370728,13.316131465169484],[-87.23168504064984,13.31613667729273],[-87.23168765468584,13.3161379132231],[-87.23169063990939,13.316139010125063],[-87.23172132651783,13.31615312076654],[-87.23172461415496,13.316156282071384],[-87.23172534799929,13.316157527622602],[-87.23172641933087,13.316158999042258],[-87.23172819277849,13.316162091971997],[-87.23172955792248,13.31616388823366],[-87.23172998309389,13.316165475377062],[-87.23173029138826,13.3161672113635],[-87.23173036816475,13.316168789967339],[-87.23173015364665,13.316170149480325],[-87.231729967397,13.316173924249334],[-87.23172972320187,13.316175846901052],[-87.2317293499807,13.316177922043522],[-87.23172911072439,13.316179984090045],[-87.23172847908141,13.316182109867352],[-87.23172689754414,13.316186325446381],[-87.23171720724565,13.31620570271187],[-87.23171599626205,13.31620873559762],[-87.2317134559917,13.316214803518669],[-87.23170500367752,13.316236645453687],[-87.23170313773892,13.31624086364474],[-87.23169844565842,13.316253111054793],[-87.23169704322224,13.316256466717686],[-87.23169183798684,13.31627035510424],[-87.23168947988123,13.31627636444039],[-87.23164302495562,13.316404649754054],[-87.23148585096844,13.316833253035318],[-87.23146104046734,13.31690003622712],[-87.23143340995168,13.316975213174878],[-87.23141976590689,13.317012017468294],[-87.23139567811356,13.317078020361842],[-87.23137963370569,13.317121400755054],[-87.23135475464191,13.317189565388466],[-87.23135251770948,13.31719528844416],[-87.23124967273075,13.317475554859723],[-87.23119606171132,13.317620839161554],[-87.23119378938827,13.31762656523964],[-87.23107753982353,13.317942764457502],[-87.23104915656211,13.318019145515835],[-87.23104606078256,13.318027965481184],[-87.23091769333544,13.318375952030085],[-87.23091565962604,13.318381772740308],[-87.23082542338499,13.318626825787101],[-87.23080162019546,13.318691226708639],[-87.23079003123529,13.31872386145588],[-87.23077864961823,13.31875700021305],[-87.23077810344091,13.318758898066823],[-87.23077777918554,13.31876046095618],[-87.23077749408871,13.318763555468765],[-87.23077776347985,13.31876474983473],[-87.23077785609406,13.318766565354373],[-87.23077809865174,13.318768460081532],[-87.23077895295619,13.318772158864089],[-87.23077960935498,13.318773679023074],[-87.23078041133063,13.318775238160494],[-87.23078122901195,13.318776501937256],[-87.23078705131152,13.318782585908249],[-87.23079023794456,13.318784895015781],[-87.23079572817115,13.318787594741432],[-87.23084535579362,13.31880230691221],[-87.23084630707889,13.31880207658509],[-87.23085373297761,13.318801548396022],[-87.23086014547266,13.318798829076933],[-87.23086356966289,13.318795737065637],[-87.23086587431287,13.318793259329473],[-87.23086703702614,13.318791675804475],[-87.23087006864483,13.318786423303958],[-87.23087095936108,13.318784423105738],[-87.23087160759012,13.318782579238142],[-87.23087477562989,13.318771134377402],[-87.23087572374583,13.318768100729539],[-87.23087813643397,13.31875915048867],[-87.23087900411994,13.318756314025833],[-87.23088914273457,13.318727446638183],[-87.23089052525692,13.318723149213557],[-87.23091125541548,13.318666032465323],[-87.23091266984221,13.318661689809037],[-87.23091911762221,13.318643532319754],[-87.23100185535216,13.318418866036936],[-87.23100586044124,13.31840829912898],[-87.23101572219929,13.31838163266807],[-87.23101801001673,13.318375964953416],[-87.23104382085688,13.318306083705535],[-87.23104726307696,13.31829719161966],[-87.23118607627985,13.317919829295919],[-87.23129275428948,13.317629072157521],[-87.2313075604137,13.31758849185422],[-87.23131096748969,13.317579625719228],[-87.23137293312058,13.317411682752576],[-87.23137681094437,13.317400781818185],[-87.23143857634545,13.317232769753396],[-87.23145198860824,13.317195690943405],[-87.23153217611971,13.316979242284043],[-87.2315459995121,13.316942111937056],[-87.23154800762053,13.31693638054373],[-87.23157350975255,13.316867002576236],[-87.23167903360604,13.316581005132118],[-87.23168134349419,13.316574438255829],[-87.23171591604337,13.316480515103715],[-87.23174125372354,13.316411114833052],[-87.23180175595861,13.316249662870227],[-87.2318069061328,13.316237173056514],[-87.23180906445707,13.316232484570834],[-87.23180994072327,13.316231012652874],[-87.23181323428494,13.31622397281131],[-87.23181453377748,13.316221540111393],[-87.2318195338349,13.31621071454139],[-87.23182111532978,13.31620634633156],[-87.2318211938967,13.316205422248217],[-87.23182162001203,13.316204546106263],[-87.23181236623583,13.31623706654325],[-87.23181050167308,13.316245042844331],[-87.23180998112643,13.316247748823208],[-87.23176687728404,13.316444513984933],[-87.23176592662826,13.316449638685164],[-87.23175985993548,13.316477532211193],[-87.23175789036934,13.316485836285484],[-87.23175342166778,13.316506572656845],[-87.23175260164028,13.316511316587786],[-87.23168196096333,13.316842289883352],[-87.23167960210058,13.316851694368902],[-87.23167620292145,13.316863548294775],[-87.23167385998448,13.316871216259758],[-87.23167181577236,13.316877204347968],[-87.23166954447053,13.31688349858365],[-87.2316647368952,13.316895693101841],[-87.23165502904226,13.316919377347663],[-87.23165294962439,13.316925496597266],[-87.23164507845557,13.316945818431924],[-87.23163503425108,13.316972422569025],[-87.23163286635673,13.316977811129293],[-87.23162370402963,13.317001781251715],[-87.23161989584258,13.31701134743524],[-87.23155431691941,13.317188883786947],[-87.23152299114967,13.31727645613775],[-87.23150252268789,13.317332000929454],[-87.2314986632461,13.317342821822566],[-87.23138888209706,13.317638623437528],[-87.2313039879703,13.3178687175196],[-87.23128923850626,13.317909000794717],[-87.23128675922744,13.317915204827628],[-87.23126366666709,13.317977740203723],[-87.2312615701702,13.317983705780323],[-87.23104014946065,13.318583729811404],[-87.2310379141833,13.318589514252922],[-87.23101605913189,13.318648633492227],[-87.23096849951774,13.318777014701702],[-87.23095033051177,13.318824659064786],[-87.23094540942239,13.31883872381834],[-87.23094514228498,13.318838966026586],[-87.23094397907872,13.31884234839596],[-87.23094324006664,13.31884296246265],[-87.2309428363673,13.318843028538394],[-87.23094251577423,13.318842665434465],[-87.23093920497479,13.318840915156802],[-87.23093679503336,13.318838428040799],[-87.2309362882963,13.318837446076042],[-87.23093199895557,13.318832276326535],[-87.23092906333169,13.318829660185658],[-87.23092386313195,13.318826381202937],[-87.23091120167811,13.318821819475337],[-87.23090844691605,13.318820540482394],[-87.23090065485665,13.31881772736493],[-87.23034414544989,13.318602744409386],[-87.23034423743023,13.318602465723993],[-87.23034360159673,13.318601771199143],[-87.23034319691136,13.31860133930974],[-87.23034315380879,13.318601214453683],[-87.23034268292012,13.318601859578056],[-87.23034268320184,13.31860120424008],[-87.23034435814563,13.318594339241292],[-87.23035009740934,13.318575637512998],[-87.23035111046089,13.318571914342865],[-87.23036103490077,13.31854025885065],[-87.23036246756861,13.318536258871092],[-87.23036764959764,13.318520494074116],[-87.23037491139668,13.318498141087776],[-87.23037643872117,13.318493904110992],[-87.23050495287202,13.318115672588982],[-87.2305079224427,13.318108074920671],[-87.23054074308675,13.31801656793651],[-87.23055781537145,13.317972063109233],[-87.2305707885443,13.317940023252126],[-87.23058516297361,13.317906001748032],[-87.23059648064107,13.317880725170587],[-87.23060339592915,13.317866073760314],[-87.23061990957059,13.317832577110233],[-87.23062839373631,13.317816024615356],[-87.2306368722677,13.317800123185414],[-87.2306399793159,13.31779495864693],[-87.23066275621322,13.317753830978004],[-87.23068502461278,13.317715860458136],[-87.23071297227048,13.317670606181848],[-87.23073810685086,13.317631316544176],[-87.23074287877151,13.317624238935739],[-87.23077902359653,13.317569667562719],[-87.23078273281314,13.317564534081917],[-87.23082542549786,13.317502315535888],[-87.23086713717628,13.317443052785071],[-87.23091421942227,13.317377192256611],[-87.23095679202545,13.317318469159106],[-87.23151048081898,13.316565562532558],[-87.23170014655534,13.316307180515318],[-87.231763470547,13.316222961736488],[-87.23176627924893,13.316219579992435],[-87.2318029674121,13.31617070473413],[-87.23181713391135,13.316154433217493],[-87.23182431027978,13.316149708992352],[-87.23182465154485,13.316148368413286],[-87.2318270083459,13.31614280986952],[-87.23182802024857,13.316140597276606],[-87.23182956331834,13.316137760600443],[-87.23183036538644,13.316135160915806],[-87.23183038337226,13.316134248786055],[-87.23183286309455,13.316131551672429],[-87.23183870951718,13.31612986290191],[-87.23183492996723,13.316134350561363],[-87.23183743378948,13.316137543537],[-87.23183722702079,13.316137647239572]]}},{"type":"Feature","properties":{"id":"5"},"geometry":{"type":"LineString","coordinates":[[-87.23182759752927,13.316123730368917],[-87.23182765592719,13.31612477150624],[-87.23182763673191,13.316123857171474],[-87.23181891289362,13.316137900124335],[-87.23181290859806,13.316145647603795],[-87.23180243068772,13.316157135538509],[-87.23179130838238,13.316167310151052],[-87.2317810877714,13.316174880976092],[-87.23177344846432,13.316180092824132],[-87.23176453125735,13.316185057747951],[-87.23175572769206,13.316189310416421],[-87.23174553832955,13.316193488534726],[-87.23173598484891,13.316196725106252],[-87.2317118357751,13.31620323948802],[-87.2316994363798,13.316205478637599],[-87.23168705290145,13.31620706956876],[-87.23165640980258,13.316209073909741],[-87.2316207587052,13.316208901346789],[-87.23156117777084,13.316204188330227],[-87.23147568262577,13.316191812572733],[-87.23144889106278,13.316186201365088],[-87.23139783838215,13.316171655015506],[-87.23137361582442,13.31616333115888],[-87.23134370358542,13.316151351626235],[-87.23133790938742,13.316148502731856],[-87.23132072300878,13.316140880404017],[-87.23131536997835,13.316138187424196],[-87.23123264968507,13.316096807365179],[-87.23119587776218,13.316075911220663],[-87.23113784352019,13.316040831517835],[-87.23113563120286,13.316039120120902],[-87.23111316088469,13.316024005203355],[-87.23111341365454,13.316023549786193],[-87.2311134302758,13.316023590966285],[-87.23111337844003,13.316023476857957],[-87.23111384221532,13.31602206961528],[-87.23111463750014,13.316013232740168],[-87.23111434937492,13.316011789534933],[-87.23111570330299,13.31599128514519],[-87.23111622060435,13.315988262753132],[-87.23111751966819,13.315978626859176],[-87.23111828452767,13.315975200104932],[-87.23112104245887,13.315953986899114],[-87.23112191120121,13.315942852667321],[-87.23112217390158,13.315941234945],[-87.23112221531385,13.315938593178927],[-87.23112187824042,13.315936447710476],[-87.23112029809424,13.315931040273284],[-87.23112025041377,13.315930450047015],[-87.23112051557915,13.315929905703783],[-87.23112096794495,13.315928589803786],[-87.23112288375597,13.3159270212735],[-87.2311231662469,13.315926258367028],[-87.2311233553489,13.31592655026236],[-87.23112306870266,13.315927202564914],[-87.23112311877773,13.315927309482033],[-87.23111917679333,13.315938239780525],[-87.23111885183368,13.315939800676665],[-87.23111306397429,13.315957704115656],[-87.23110879167767,13.31596931546851],[-87.23108253889691,13.31603936992421],[-87.23108081232873,13.316044427604199],[-87.23099516046143,13.316276278217162],[-87.23099274220955,13.31628238843867],[-87.23096595015355,13.316354800666321],[-87.23096396109631,13.316360552460795],[-87.23094127195506,13.316421544045925],[-87.23093778198434,13.316430428497656],[-87.23090096639541,13.316530024393057],[-87.23089899283256,13.316535918630784],[-87.2308893735624,13.316562282565881],[-87.23088569934926,13.31657300283418],[-87.23086207244522,13.316637267539633],[-87.23085902681136,13.316645923305718],[-87.23082376981736,13.316740938818066],[-87.23081997657911,13.31675169045671],[-87.23077103000882,13.316884034908048],[-87.23076783154391,13.316892302869963],[-87.23075459355871,13.316928226240314],[-87.23075158785811,13.316937373457769],[-87.23067764820107,13.317138010108307],[-87.2306748321659,13.317146374317778],[-87.23062408662638,13.317283464393638],[-87.23062217123791,13.317289460715262],[-87.23061332126427,13.317313846312372],[-87.23060949541737,13.317324742869506],[-87.23059654759986,13.317359785942115],[-87.2304900049267,13.317645515696094],[-87.23048762653765,13.31765226959592],[-87.23043598274602,13.317791649915417],[-87.23043370901455,13.317797428416371],[-87.2304109422605,13.317859178595851],[-87.2303991084897,13.317891545079743],[-87.23039682391217,13.317898129725613],[-87.23037074952818,13.317968873501655],[-87.23036847593757,13.317974494525561],[-87.23035862911115,13.31800089001339],[-87.23033735657985,13.318059200710708],[-87.2303310065558,13.318075931214057],[-87.23032676207865,13.318086683009033],[-87.23031696384825,13.318113140195349],[-87.23029287288722,13.318178633763724],[-87.23027655320845,13.318222650839456],[-87.23027458795623,13.318228428819308],[-87.23023969303797,13.318323143499427],[-87.23023718379176,13.318329493024038],[-87.23017126051009,13.318508531608819],[-87.23014612607224,13.31857695168647],[-87.23013018769636,13.318621648070874],[-87.23010605081558,13.318686992812495],[-87.23006486432936,13.31879911938904],[-87.22999851664225,13.318976963816295],[-87.22999651687978,13.318982826631567],[-87.22995881804013,13.319085178583753],[-87.22995645261005,13.319091909555087],[-87.22980360607588,13.319506238860313],[-87.22980150461385,13.319511542637274],[-87.22979673698971,13.31952476091261],[-87.22979570886643,13.319528111807418],[-87.22977544685115,13.31958302200101],[-87.22977305381285,13.31958886459752],[-87.22976225309539,13.319615484576126],[-87.229758565712,13.319621925397822],[-87.2297574277194,13.319623265047046],[-87.22975610492098,13.319624567385363],[-87.22975478691171,13.31962559208049],[-87.22974745919157,13.319628077112085],[-87.22973922927531,13.319628577786963],[-87.22973392948924,13.31962737925218],[-87.22972325737521,13.319623412206273],[-87.22968608985234,13.319605608441083],[-87.2296811816518,13.319602165623868],[-87.22967797896116,13.319598526455389],[-87.22967681012062,13.319595914691769],[-87.22967626232347,13.319594414959985],[-87.22967548633619,13.319591319822077],[-87.22967520785973,13.319589620195536],[-87.22967483064173,13.319585984153669],[-87.22967499474143,13.319584108603067],[-87.22967526659755,13.319582346027394],[-87.22967569339761,13.319580572612798],[-87.22967616330023,13.319579259018678],[-87.22967734256426,13.319575218393158],[-87.22967813742652,13.319572887399337],[-87.22968013972444,13.319568045735702],[-87.22968358271899,13.319561273284641],[-87.22968463408387,13.319559502371336],[-87.22968830526855,13.319551479275287],[-87.22969567313325,13.319533414125294],[-87.2297012189984,13.319518251305439],[-87.22970268011949,13.319514678212704],[-87.22970779284599,13.319500663901831],[-87.22970980979314,13.319495417862981],[-87.22972191767381,13.319461102665757],[-87.22972459665404,13.319454435060436],[-87.22974127425321,13.31940825666172],[-87.22979978360958,13.319248131581118],[-87.22980385736672,13.319237347477813],[-87.2298291954854,13.31916893698844],[-87.22983331093654,13.31915832922608],[-87.22984299169126,13.319132152184242],[-87.2298830707511,13.319023138046195],[-87.22988528208242,13.319017478043852],[-87.22991981527709,13.318922964926019],[-87.22992306769063,13.318914748396878],[-87.22996012590762,13.318813755270472],[-87.22996435207324,13.318802850063044],[-87.23000146564745,13.318701253708872],[-87.23000466988753,13.318693063860156],[-87.23002625737755,13.318633845403015],[-87.23002963304195,13.31862514133077],[-87.23006669168151,13.318523554981757],[-87.23006903767319,13.318517579399996],[-87.23009472131677,13.31844753640203],[-87.23009783808399,13.31843954832404],[-87.23011866085538,13.318382963099925],[-87.23019939367607,13.318161836559309],[-87.23020201039702,13.3181551266405],[-87.23021204752273,13.318127714378294],[-87.23025312808366,13.318015631365883],[-87.23025520461378,13.318009676211323],[-87.23027794164678,13.317948086322842],[-87.23030532474334,13.31787319186452],[-87.23031832143865,13.317838280839178],[-87.23034343460692,13.31776933528219],[-87.23046483780975,13.317439745512644],[-87.23046803134463,13.31743065082228],[-87.2304764993111,13.317407547344725],[-87.23047895094635,13.31740113914402],[-87.23050219450506,13.317338036496201],[-87.23050431005288,13.317331987022166],[-87.23067659092014,13.316865959231793],[-87.23070091979054,13.316799547168891],[-87.23071466014618,13.316762401605724],[-87.23072951884467,13.316721864397564],[-87.23073212281797,13.316715240408488],[-87.23075518319072,13.316653056776298],[-87.2307571541477,13.316647318608645],[-87.23080838008379,13.316508361085319],[-87.23082045458109,13.31647612326153],[-87.23100461020886,13.315977869098587],[-87.23100536295456,13.315975211686425],[-87.23101070619532,13.31595995515939],[-87.23101238973135,13.31595551870473],[-87.2310197026614,13.315934043501814],[-87.23102039652841,13.315931487626392],[-87.23102298176755,13.315923304929804],[-87.23102361048771,13.31592089876701],[-87.23102603197933,13.315913478429735],[-87.23102647589363,13.31591244561844],[-87.23102695931863,13.315910718594958],[-87.23102738865413,13.315908810267034],[-87.23102792018216,13.315904852366469],[-87.2310278482741,13.315903224912566],[-87.23102758423559,13.315901553607924],[-87.23102716518274,13.315900064193961],[-87.23102626995909,13.31589918134282],[-87.23102300860104,13.315893126319047],[-87.2310206721877,13.315890233030029],[-87.23101674907831,13.315886637399629],[-87.23101184996312,13.315883939185174],[-87.23101017255442,13.315883387598623],[-87.23100092522009,13.315879647518726],[-87.23096091609631,13.315867993357335],[-87.23095489441248,13.315867342005792],[-87.23095132851923,13.3158676799926],[-87.23094443379688,13.315870940476199],[-87.2309417253773,13.315873133560352],[-87.23094048293842,13.315874402105198],[-87.23093899568816,13.315875618122956],[-87.23093700895508,13.315878572693578],[-87.23093624015155,13.315880173805771],[-87.23093582842334,13.315881504726535],[-87.23093342791957,13.315887731844269],[-87.23093233479027,13.315890230815345],[-87.2309270970522,13.315911162925675],[-87.23092252367138,13.315925678315278],[-87.23090972988219,13.315961975784811],[-87.23089911347755,13.315990344386579],[-87.23089514106779,13.316001708137781],[-87.23089302770326,13.31600847363213],[-87.23084569522595,13.3161404649505],[-87.23079221161622,13.316285202311732],[-87.23076385899331,13.316361463477504],[-87.23076154920217,13.316368122224091],[-87.23067055775638,13.316614420652742],[-87.230667979701,13.316620918222457],[-87.23051230276411,13.31704478650968],[-87.2305099091624,13.317051640044221],[-87.23039321076101,13.317368153069756],[-87.23039119451815,13.317373933759338],[-87.23034006401342,13.317512343369884],[-87.23031596572775,13.31757789457215],[-87.23020873820252,13.317867956247712],[-87.23001042041952,13.31840574589126],[-87.22992818872778,13.318629794980776],[-87.22992617797836,13.31863579411635],[-87.22987577247028,13.318772033336737],[-87.22976903400436,13.319060819771291],[-87.22976700818316,13.319066602753724],[-87.22966530412663,13.31934138092219],[-87.22965407984886,13.319371147523588],[-87.22961991584326,13.319464728702464],[-87.22958690645153,13.319550906896763],[-87.22958433649548,13.31955586674635],[-87.2295833672509,13.319557055067532],[-87.22958109943545,13.319559070898814],[-87.22957994242701,13.319559386686675],[-87.22957422795471,13.319562233571553],[-87.22956920326452,13.319563211575934],[-87.22956077008999,13.319561980107501],[-87.22955926445776,13.319561168855785],[-87.22954797876582,13.31955747319984],[-87.22951206107689,13.3195405492634],[-87.22950680439341,13.319536917181908],[-87.22950423795879,13.319534298539741],[-87.2295033366078,13.319533086664746],[-87.22950201282339,13.319530548897623],[-87.22950055325174,13.319526223958807],[-87.22950020040219,13.319524601872256],[-87.22949998474843,13.319522865143247],[-87.22949954005941,13.319521097773436],[-87.22949955273664,13.319519317271851],[-87.2294996971162,13.319517653288694],[-87.22949999700309,13.319515992223707],[-87.22950046408856,13.319514848508863],[-87.22950297206705,13.319506440214157],[-87.22950490604877,13.319501981039446],[-87.22950604051992,13.319499681311752],[-87.22950706272717,13.319497977724835],[-87.22951198895754,13.31948798590513],[-87.22951759285624,13.319474306767116],[-87.22952291686988,13.31945986536098],[-87.22952427262912,13.319456597842503],[-87.2295293077428,13.319443228239123],[-87.22953159401064,13.319437696636335],[-87.22956237080146,13.319352301345798],[-87.22956475059908,13.319346157135405],[-87.22957479941603,13.319318621267787],[-87.22957755558647,13.319311387954048],[-87.22964850003686,13.319117723284556],[-87.22965169822005,13.31910932999759],[-87.2296617305566,13.319081974222849],[-87.22966497606812,13.319073611785127],[-87.22975428348488,13.318830542261287],[-87.22978216099338,13.318754839886301],[-87.22978628743148,13.318743920504897],[-87.22983531281187,13.31861055881019],[-87.22983789164199,13.31860386389912],[-87.22992603247195,13.318364154441486],[-87.22992856988978,13.318357712369144],[-87.2299662963376,13.318255239104392],[-87.229994092571,13.3181800813853],[-87.2299982421098,13.31816913553191],[-87.23004785796738,13.318033226898683],[-87.23005002802726,13.318027651106437],[-87.23010124234258,13.317888816589257],[-87.23010472153769,13.317879854884143],[-87.23012536936331,13.317822958353647],[-87.23020669083002,13.317602362190726],[-87.23020923050159,13.317595814126221],[-87.23024358860961,13.317502934663406],[-87.23024769194696,13.31749238839109],[-87.23026052679627,13.317457201181647],[-87.23026348453469,13.317448699088565],[-87.23028461747562,13.317390387349043],[-87.23028853995115,13.317380048579574],[-87.23045558146049,13.316924301507896],[-87.23045813986619,13.316917716601475],[-87.23074945435089,13.316129552859232],[-87.2308042814652,13.315981251246493],[-87.23080712834827,13.315974206089688],[-87.23082186506369,13.315934979127569],[-87.23082436416811,13.315928724534729],[-87.23085103579044,13.31585213984273],[-87.23085375885925,13.315841765898872],[-87.23085395077841,13.31584001807039],[-87.23085402099618,13.315838406197438],[-87.23085396035675,13.315836738775005],[-87.2308537109675,13.315835228178244],[-87.23085313506914,13.31583417088818],[-87.23085036037584,13.315827890904641],[-87.23084940275203,13.315826443126735],[-87.23084587658076,13.315822328296278],[-87.23084455110603,13.315821211079475],[-87.23084157632378,13.315819385658893],[-87.23084007477642,13.315818884984015],[-87.23083416324363,13.315815818923603],[-87.23082941505791,13.315813756010748],[-87.23078824279835,13.315802339836676],[-87.23078185206631,13.315801524442199],[-87.23077819588299,13.315801771913575],[-87.23077120432073,13.315804777317705],[-87.23076666587271,13.315807628136904],[-87.23076432086704,13.315810195997674],[-87.23076334556555,13.315811569831196],[-87.23076251189687,13.31581307099601],[-87.23076207960335,13.315814384876736],[-87.23075843687201,13.315822657554627],[-87.23075704223594,13.315827350886556],[-87.23075340929422,13.315842954246108],[-87.23075151278074,13.315849538813813],[-87.23074922876665,13.315856441123511],[-87.23074421745798,13.31587064000874],[-87.23074315426102,13.315874023159767],[-87.23073844474084,13.31588720962182],[-87.23073663520725,13.315892707587471],[-87.23073155213139,13.315906526954056],[-87.23071367160401,13.315954620845847],[-87.23043611670207,13.316709344555345],[-87.23043366337652,13.316715680114422],[-87.23038236243349,13.31685503781809],[-87.23036758177035,13.31689462547404],[-87.23009051980134,13.317647332779043],[-87.23008810042259,13.317654489803438],[-87.23003685244221,13.317793829372752],[-87.2300345170149,13.317799706257778],[-87.22995919131412,13.318002711160936],[-87.229942647671,13.31804790425984],[-87.2299402657605,13.31805369683055],[-87.22993081037875,13.318079412175946],[-87.22992714567351,13.318089814832529],[-87.22983765542295,13.31833317012875],[-87.2297998124855,13.318435045585195],[-87.22977195497882,13.318511375158643],[-87.22975231823264,13.31856379510962],[-87.22971870582738,13.318655992241373],[-87.22971528818728,13.318664892248002],[-87.22955823013672,13.319089727596463],[-87.22955535085629,13.319097904313406],[-87.22951777611263,13.319199622813905],[-87.22951425719555,13.319208758150232],[-87.2295053897555,13.319232938328902],[-87.2295034701413,13.319238651483657],[-87.2294726798281,13.31932304125562],[-87.22947069372887,13.319328058009557],[-87.22945484874192,13.319370604535221],[-87.22945333874307,13.319374970536881],[-87.22944746946771,13.319390778064227],[-87.22943322448795,13.319428046659596],[-87.22941002572212,13.319486470123403],[-87.2294082957029,13.319489200072976],[-87.22940727927086,13.319490471145166],[-87.22939971603597,13.319495471015394],[-87.22939499165524,13.319496789612094],[-87.2293886043038,13.31949645735741],[-87.22937678687255,13.319493138354048],[-87.22933426462896,13.319473296454406],[-87.2293315201497,13.319471238309633],[-87.22932862185341,13.319467527437508],[-87.22932684901335,13.319464648452742],[-87.22932615035718,13.31946318895004],[-87.22932553311698,13.319461613345794],[-87.22932508180762,13.319460052123965],[-87.22932448456926,13.31945838397199],[-87.22932433244253,13.31945673228684],[-87.22932432765334,13.319454961790417],[-87.22932442653574,13.319453295305967],[-87.22932482206528,13.31945203236297],[-87.22932554635764,13.319448146192105],[-87.22932604893933,13.319446163294474],[-87.22932738934502,13.319441810216146],[-87.22932919148357,13.319437524464208],[-87.22933634087735,13.319423241264664],[-87.2293415334704,13.319411263837598],[-87.22934663027995,13.319397408150198],[-87.2293480554822,13.319393908011754],[-87.22935301706795,13.319380659512497],[-87.22935520966517,13.31937513812331],[-87.22938505270764,13.319291197749777],[-87.22939479248188,13.319265200175495],[-87.2293979744664,13.319257358214529],[-87.22947147859021,13.31905828033664],[-87.22947411982047,13.319051619192983],[-87.2296148621363,13.318667791243088],[-87.22961728940311,13.318661552608997],[-87.2297735249832,13.318235653586973],[-87.22977556982026,13.31822970739537],[-87.23026655439617,13.31689773103399],[-87.23039754933139,13.316541818678797],[-87.230399656146,13.316535769595589],[-87.2304629903149,13.316364711558872],[-87.23046564591269,13.316357211310594],[-87.23058472890087,13.316034344806587],[-87.23058688248038,13.316028862369778],[-87.23062755328509,13.315919460590408],[-87.23066830487191,13.315808291734347],[-87.2306781016233,13.31577842242373],[-87.23067897064735,13.315774444278347],[-87.23067911460433,13.315772854057188],[-87.23067909819434,13.31577121503482],[-87.23067894036286,13.315769839273221],[-87.23067815754395,13.315766926234433],[-87.2306775888998,13.315765238280578],[-87.230676968279,13.315763761138571],[-87.23067618947458,13.315762217503938],[-87.23067530643513,13.31576082582267],[-87.23067311489436,13.315758150797258],[-87.23066767889851,13.315753830965242],[-87.23065846586312,13.315748753997962],[-87.23065178510426,13.315746498068897],[-87.2306109190702,13.315734420876838],[-87.23060906847647,13.315734228512007],[-87.23060385729016,13.315734759098143],[-87.23059657971551,13.315737847852551],[-87.23059516183785,13.315738748316944],[-87.2305933022292,13.315739553602041],[-87.23059090242973,13.315741947310496],[-87.23058988219451,13.315743245219444],[-87.23058545446095,13.315751725426237],[-87.23058459550825,13.315753823565593],[-87.23058377275609,13.315756109431973],[-87.23058306832472,13.315758377294276],[-87.2305798094317,13.315771214643993],[-87.23057606739538,13.315783671875797],[-87.23057125540092,13.315797357657864],[-87.23057033996412,13.315800297377077],[-87.23055068265268,13.315855322968725],[-87.23054228032608,13.315878017980415],[-87.23042187017286,13.316205933703017],[-87.23041937670274,13.316212413275167],[-87.23035659314816,13.316383387961606],[-87.23035342877091,13.316392351203971],[-87.23030318186906,13.316529260639795],[-87.23030045880026,13.316536999813376],[-87.23025047685248,13.31667224948697],[-87.2302099300029,13.316783149806103],[-87.23020722623164,13.316790910110372],[-87.23017030929533,13.316891226898392],[-87.23016711547875,13.316900183600925],[-87.23010452757607,13.317069462673308],[-87.23010152659423,13.31707792016005],[-87.22978153473828,13.31794489738656],[-87.2297754106506,13.317962571501553],[-87.22977409151449,13.317966958555736],[-87.2297706438716,13.317977628641906],[-87.229769817598,13.317980495745545],[-87.22976872411654,13.317985460389272],[-87.22976818927833,13.317989371573036],[-87.22976742808115,13.317999218943243],[-87.22976778881875,13.317999065739231],[-87.2297691317599,13.318001497201532],[-87.22976933783531,13.31800146906202],[-87.22976930867767,13.318001203716841],[-87.22977230656063,13.317999448853481],[-87.22978607713031,13.317987521035333],[-87.22981634683198,13.317955048246619],[-87.22986278873394,13.317899318880558],[-87.23025232068503,13.317398989597942],[-87.23028654835846,13.317357327695166],[-87.2303284263171,13.317309137112883],[-87.23039616976713,13.31723624785536],[-87.2304606343223,13.317171350948867],[-87.2305469889307,13.317089508323862],[-87.2308960191772,13.31677706354226],[-87.23115505370386,13.316549636147966],[-87.23122658553251,13.316490600649766],[-87.23126359920313,13.316462154573145],[-87.23131501561458,13.316426096914789],[-87.23133826730785,13.31641101937329],[-87.23140050954476,13.316374147128162],[-87.23143869223195,13.316353749994255],[-87.23147216930779,13.316337291180503],[-87.23151309524174,13.316319028780345],[-87.23156456209799,13.316298120966401],[-87.23170493518074,13.316250663079696],[-87.23179184230283,13.316221907885323],[-87.23179599936653,13.31621964651074],[-87.23181667005296,13.316204239802085],[-87.23181747089622,13.316202221632357],[-87.23181759604202,13.316201633666369],[-87.2318174376251,13.316199392614767],[-87.23181668264436,13.316198349824369],[-87.23180950354272,13.31619578869233],[-87.23180845099597,13.316195884386213],[-87.23181160149541,13.31619021777239],[-87.2318160017231,13.316179923645084],[-87.23182523064918,13.31615620653075],[-87.23182842360289,13.316145329850404],[-87.23182841729923,13.31614365381513],[-87.23182823983203,13.316143077448547],[-87.23182552510852,13.316138547802923],[-87.23182571246328,13.31613842289394],[-87.23182548268589,13.316137739050868],[-87.23182387540484,13.316135447261024],[-87.23182390329612,13.316134646241634],[-87.23182360624759,13.316133848378986],[-87.23182333817205,13.316133863454304],[-87.23182310598864,13.316133328155452],[-87.23182232666836,13.316133843687437],[-87.23182234170717,13.316134393154568],[-87.23182131900528,13.31613378843596],[-87.23182205665715,13.316132544759084],[-87.23182224750062,13.316132526549822],[-87.23182234831154,13.316133542026328],[-87.23182209428826,13.316133719363881]]}}]}